year,season,site,lat,long,temp,depth,relief,bedrock_cov,boulder_cov,cobble_cov,sand_cov,anemone_cov,articulated_cov,barnacle_cov,bivalve_cov,brown_cov,bryo_cov,cupcoral_cov,deadholdfast_cov,drift_cov,embeddedcu_cov,encrusting_cov,fish_cov,foliosered_cov,green_cov,hydroid_cov,inanimate_cov,juvlam_cov,mobile_cov,purpleurchin_coc,redurchin_cov,sponge_cov,tubeworm_cov,tunicate_cov,pur_den,red_den,pur_exposed,red_exposed,prop_pur_exp,prop_red_exp,mac_stipe_den,test_diameter_site_avg,macstipe_site_abund,site_rugosity,transect_rugosity_avg,state
2017,Summer,REF_003,36.62975003,-121.9202437,,6,1,0.9975,0,0,0.0025,0,0.288125,0,0,0.1825,0,0,0,0,0,0.095,0,0.350833333,0,0,0.083541667,0,0,0,0,0,0,0,3.8125,0.1875,0,0,0,0,,43.68181818,,9.4,1.175,BAR
2017,Summer,REF_004,36.61520615,-121.8969257,13,9.1,1.5625,0.78,0.1175,0,0.1025,0,0.0125,0,0,0.095,0.015,0.005,0,0.01,0,0.14,0,0.3275,0,0,0.335,0,0.005,0.005,0,0,0,0.05,17.25,2.1875,10.25,0.3125,0.486695984,0.100378788,,,,6.9,0.8625,FOR
2017,Summer,REF_005,36.61739028,-121.8969417,12,12.1,1.125,0.5875,0.01,0.0625,0.34,0.0025,0,0,0,0.03,0.015,0.005,0.0075,0.005,0,0.3325,0.0025,0.045,0.0125,0,0.4925,0,0.0025,0.0175,0.02,0.0025,0,0.0075,9.75,3.25,9,2.375,0.669504831,0.552083333,,40.83333333,,16.3,2.0375,BAR
2017,Summer,REF_006,36.61250547,-121.8926163,15,17.4,1.0625,0.5075,0.0325,0,0.46,0.03,0,0,0,0.0825,0.0075,0.0825,0,0.0075,0,0.105,0,0.02,0,0.0025,0.63,0,0.015,0,0,0,0.015,0.0025,1.3125,0.6875,1.0625,0.375,0.140625,0.145833333,,40.05555556,,5.45,0.68125,BAR
2017,Summer,REF_007,36.63140904,-121.9192608,13,11.4,1.625,0.7525,0.2075,0.0275,0.0125,0,0.005,0.0175,0,0,0.0475,0.0075,0.0075,0,0,0.775,0,0.0125,0.0025,0,0.0975,0,0.0075,0.0175,0,0,0,0.0025,16.125,1.25,14.4375,0.625,0.885771184,0.28125,,37.91304348,,14.7,1.077777778,BAR
2017,Summer,REF_008,36.63847655,-121.9250395,9,11.7,1,0.465,0.3,0.1225,0.1125,0.0075,0,0,0,0,0,0,0,0,0,0.7025,0,0,0,0,0.2525,0,0.005,0.0225,0.01,0,0,0,27.5,7.0625,26.5625,6.8125,0.960026867,0.972222222,,35.21875,,13,1.625,BAR
2017,Summer,REF_009,36.6306734,-121.9206322,12,5.6,1.125,0.98,0,0,0.02,0,0.1,0,0,0.105,0,0,0,0,0,0.0125,0,0.7275,0,0,0.055,0,0,0,0,0,0,0,0.75,0,0,0,0,0,,35.16666667,,14.55,1.81875,FOR
2017,Summer,REF_010,36.618177,-121.9122043,12,14.8,1.4375,0.6425,0.0175,0.02,0.32,0.01,0.005,0,0,0.0475,0.005,0.11,0,0.01,0,0.115,0,0.0325,0,0,0.6375,0,0.0225,0,0.0025,0,0,0.0025,3.5625,1.8125,1.8125,1.3125,0.382986111,0.391666667,,37.91666667,,12.1,1.5125,FOR
2017,Summer,REF_012,36.6151355,-121.8963293,14,8.7,1.0625,0.571111111,0.211944444,0.005,0.211944444,0,0,0.018888889,0,0.015,0.0025,0,0,0.0025,0,0.207777778,0,0.2025,0,0,0.483333333,0,0.005,0.0125,0,0,0.015,0.035,38.6875,2,24.8125,1.25,0.570740753,0.257291667,,35.89473684,,10.9,1.3625,BAR
2017,Summer,REF_014,36.6164022,-121.8966837,16,10.1,1.25,0.5775,0.2175,0.0025,0.2025,0.015,0.0025,0.0175,0,0.0075,0.035,0.015,0.0125,0,0,0.3875,0,0.075,0,0,0.3725,0,0.0025,0.0375,0.0025,0,0,0.0175,24.875,2.3125,23.125,1.75,0.883316382,0.541666667,,40.79661017,,8.64,1.08,BAR
2017,Summer,REF_015,36.61268347,-121.8956457,13,6.2,1,0.91,0.01,0,0.08,0,0,0,0,0.325,0,0,0,0.0025,0,0.0075,0,0.6125,0,0,0.0525,0,0,0,0,0,0,0,4.1875,0.3125,0,0,0,0,,38.7,,12.93,1.61625,FOR
2017,Summer,REF_016,36.61624221,-121.8958211,12,11.2,2,0.95,0.0125,0,0.0375,0.15,0.0075,0.0025,0,0.01,0.005,0.0375,0,0,0,0.355,0,0.0175,0,0,0.355,0,0.0075,0.0075,0.005,0,0.025,0.015,16.375,6.25,10.375,2.375,0.687372964,0.30499223,,41.06060606,,7.42,0.9275,BAR
2017,Summer,REF_017,36.62275689,-121.8999096,12,20.3,1.0625,0.7375,0.0525,0.0025,0.2075,0.045,0,0.0025,0,0,0.0025,0.015,0,0.0025,0,0.21,0,0,0,0,0.685,0,0.0075,0,0.0025,0,0.025,0.0025,1.0625,1.5625,0.75,1.125,0.260416667,0.296875,,42.23076923,,19.8,1.644444444,BAR
2017,Summer,REF_019,36.62969679,-121.9168648,14,12.7,2.1875,0.89,0.04,0.005,0.065,0.04,0.055,0,0,0.0225,0.0275,0.035,0.015,0.005,0,0.335,0,0.05,0.0025,0,0.3025,0,0.005,0.0125,0.005,0.0075,0.06,0.02,7.6875,1.5625,5.8125,0.6875,0.753176991,0.21875,,39.71875,,5.7,0.7125,BAR
2017,Summer,REF_020,36.63355772,-121.9200553,14,5.6,1.8125,0.9775,0.015,0,0.0075,0.0025,0.0125,0,0,0.0825,0.0175,0.0025,0,0.015,0,0.0225,0,0.765,0,0.0025,0.07,0,0.005,0,0,0,0.0025,0,2.9375,0.0625,0.3125,0,0.004807692,0,,45.25,,6.7,0.8375,FOR
2017,Summer,REF_021,36.62438149,-121.909425,12,13.4,1.0625,,,,,,,,,,,,,,,,,,,,,,,,,,,,15.875,0.9375,,,,,,34.76891892,,,,BAR
2017,Summer,REF_022,36.63398167,-121.921197,12,7.2,1.3125,0.86,0.06,0,0.08,0,0.462857143,0,0,0.1,0.011428571,0,0,0.002857143,0,0.202857143,0,0.077142857,0,0,0.142857143,0,0,0,0,0,0,0,21.9375,1,9.428571429,0.357142857,0.346405212,0.214285714,,33.22857143,,10.46,1.3075,FOR
2017,Summer,REF_024,36.61739373,-121.8988406,15,4.9,1.5,0.9375,0.0625,0,0,0,0,0,0,0.0675,0,0,0,0,0,0.0025,0,0.9125,0,0,0.0175,0,0,0,0,0,0,0,0.9375,0.125,0,0,0,0,,37.48275862,,10.2,1.275,FOR
2017,Summer,REF_025,36.62461136,-121.9105014,14,11.8,2.3125,0.64,0.3475,0.01,0.0025,0.02,0.0025,0,0,0,0.0025,0.005,0,0,0,0.88,0,0,0,0,0.0525,0,0.0025,0.025,0.0025,0.005,0,0.0025,22.3125,2.75,21.3125,2.5,0.94486715,0.65625,,36.875,,11,1.375,BAR
2017,Summer,REF_027,36.63577584,-121.9210275,11,13.2,2.1875,0.527081105,0.442918895,0,0.03,0.041893939,0,0,0,0,0.005,0.013676471,0.0025,0,0,0.664290807,0,0.0275,0.0075,0,0.171592182,0,0.009393939,0.0225,0.024152661,0,0.0025,0.0075,22.875,8.875,18.25,8.25,0.811430892,0.916666667,,38.78125,,7.2,0.9,BAR
2017,Summer,REF_028,36.63272734,-121.9193086,14,10.9,1.625,0.6725,0.285,0,0.0425,0.0025,0.0075,0,0,0,0.005,0.0125,0.005,0,0,0.6275,0,0.0225,0,0,0.245,0,0.0075,0.0175,0.0175,0,0.015,0.015,15.3125,5.8125,15.25,5.4375,0.995192308,0.866666667,,43.34615385,,14,1.75,BAR
2017,Summer,REF_029,36.63194767,-121.9185079,11,15,0.9375,0.3,0.3625,0.0175,0.32,0.0125,0.02,0,0,0.0275,0.0075,0.01,0.02,0,0,0.2625,0,0.0475,0.005,0,0.5025,0,0.0075,0.005,0,0.01,0.0575,0.005,6.25,0.875,5.0625,0.375,0.547569444,0.140625,,36.5,,8.6,1.075,BAR
2017,Summer,REF_033,36.61815983,-121.8978271,11,12.4,0.875,0.180104167,0.15,0.065,0.604895833,0.015,0,0,0,0,0.0025,0,0.0125,0.017604167,0,0.267604167,0,0.010104167,0.0125,0,0.6396875,0,0,0.0075,0,0,0.015,0,9.0625,0.1875,7.6875,0.125,0.566865079,0,,34.9375,,12.9,0.877777778,BAR
2017,Summer,REF_034,36.61432921,-121.8958626,12,8.8,0.6875,0.6,0.1,0,0.3,0.0125,0.005,0,0,0.0625,0.055,0,0.0025,0.015,0,0.0325,0,0.72,0,0,0.095,0,0,0,0,0,0,0,3.9375,0.5625,0.5,0,0.044852941,0,,37.125,,19.1,1.566666667,FOR
2017,Summer,REF_035,36.63084128,-121.9190331,12,12.4,0.75,0.3,0.1975,0.0325,0.47,0.005,0,0,0,0.045,0,0.0025,0,0.0075,0,0.1325,0,0.4375,0,0,0.3225,0,0.0075,0.005,0,0,0.03,0.005,4.1875,0.375,1.875,0,0.145036765,0,,38.0625,,8.91,0.434444444,FOR
2017,Summer,REF_036,36.63023341,-121.9184411,11,12,1.375,0.625714286,0.097142857,0.017142857,0.26,0,0.034285714,0,0,0.117142857,0.048571429,0.002857143,0.02,0.014285714,0,0.225714286,0,0.191428571,0,0,0.328571429,0,0.002857143,0,0,0,0.011428571,0.002857143,2.625,0.375,0.142857143,0,0.015873016,0,,32.4,,11.2,1.4,FOR
2017,Summer,REF_038,36.62843688,-121.913132,12,17.9,1.6875,0.5375,0.2325,0.0375,0.1925,0.01,0,0,0,0,0,0,0,0,0,0.555,0,0,0.11,0,0.27,0,0.0125,0.0075,0.0025,0.0025,0.03,0,7.0625,2.6875,6.3125,2.1875,0.817212302,0.677083333,,38.32258065,,10.55,1.31875,BAR
2017,Summer,REF_039,36.61544991,-121.8958264,16,12.2,1.125,0.3475,0.0125,0.0025,0.6375,0,0.005,0,0,0.0975,0.035,0.005,0,0,0,0.025,0.0025,0.385,0,0,0.405,0,0.025,0.0025,0,0,0.01,0.0025,2.8125,0.3125,0.25,0.25,0.016995614,0,,31.35,,16.2,2.025,FOR
2017,Summer,REF_042,36.63537459,-121.9207611,12,12.9,1.8125,0.835,0.07,0.0025,0.0925,0,0.01,0,0,0.0225,0.0325,0,0.005,0,0,0.745,0,0,0,0,0.1225,0,0.0025,0.02,0.0125,0.01,0.0125,0.005,27,3.0625,19,1.8125,0.471590909,0.375,,35.53125,,11.2,1.4,BAR
2017,Summer,REF_043,36.63964852,-121.9217048,12,20,1.4375,0.9725,0.005,0,0.0225,0.0875,0.015,0,0,0,0.0175,0.0125,0,0,0,0.5425,0,0,0,0.0025,0.2825,0,0.01,0,0.0125,0,0.01,0.0075,1.1875,2.3125,0.875,1.4375,0.260416667,0.490327381,,31.125,,12,1.5,BAR
2017,Summer,REF_047,36.63280751,-121.9196618,12,11.2,1,0,0.834666667,0.090666667,0.074666667,0.002666667,0.002666667,0,0,0.2,0.002666667,0,0,0.008,0,0.301333333,0,0.442666667,0,0,0.026666667,0,0,0.008,0.002666667,0,0,0.002666667,27.6875,3.5625,8.8,0.2,0.258879065,0.05952381,,34.13333333,,10,1.25,BAR
2017,Summer,REF_048,36.62775632,-121.915939,12,8.7,0.9375,0.2775,0.32,0.0025,0.4,0,0,0,0,0.235,0.0025,0,0,0.07,0,0.0475,0,0.3975,0,0,0.2325,0,0.0075,0,0,0,0,0.0075,3.5,0.1875,0.1875,0,0.019176136,0,,36.27272727,,8.9,1.1125,FOR
2017,Summer,REF_050,36.63730255,-121.923042,9,14.3,1.5625,0.0625,0.9025,0.0125,0.0225,0.0675,0.005,0,0,0,0.005,0.005,0,0,0,0.73,0,0.0025,0.0025,0,0.08,0,0.01,0.0525,0.025,0.005,0.01,0,21.3125,10.5,17.1875,9.3125,0.822081182,0.863541667,,33.2421875,,16.49,2.06125,BAR
2017,Summer,REF_051,36.61840375,-121.8985281,12,9.9,1.3125,0.335,0.5675,0.0225,0.075,0,0,0.005,0,0.0075,0,0.0025,0,0.005,0,0.5975,0,0.0275,0,0,0.0825,0,0.0025,0.025,0,0.0025,0.24,0.0025,16.75,1.5625,12.6875,1.0625,0.681838681,0.416666667,,38,,14.65,1.83125,BAR
2017,Summer,REF_053,36.63493169,-121.9222347,16,6.2,1.0625,0.861818182,0.076363636,0.032727273,0.029090909,0.003636364,0.483636364,0,0,0.007272727,0.003636364,0,0,0,0,0.178181818,0,0.250909091,0,0,0.036363636,0,0.007272727,0.007272727,0,0.010909091,0.010909091,0,13.75,2.375,3.727272727,0.454545455,0.220866675,0.2,,44.34193548,,,,FOR
2017,Summer,REF_054,36.63658866,-121.9221999,11,14.7,1.3125,0.83,0.105,0.0075,0.0575,0.005,0.0025,0,0,0,0.0075,0.0075,0,0.0025,0,0.8225,0,0,0.005,0,0.115,0,0.005,0.02,0.0075,0,0,0,25.125,6.0625,25.0625,5.5625,0.995535714,0.907291667,,30.421875,,12,1.5,BAR
2017,Summer,REF_056,36.61626281,-121.8971783,14,8.5,1.0625,0.290666667,0.277333333,0.045333333,0.386666667,0,0,0,0,0.208,0,0,0.008,0.016,0,0.021333333,0,0.426666667,0.002666667,0,0.312,0,0.002666667,0,0,0,0,0.002666667,7.3125,0.1875,0.3125,0,0.012231183,0,,34.58695652,,18.4,2.3,FOR
2017,Summer,REF_058,36.64058321,-121.9251629,10,18.6,1.4375,0.75,0.2375,0.0025,0.01,0.0475,0.0175,0.005,0,0.0025,0.0025,0.0175,0.0025,0,0,0.56,0,0.03,0,0,0.2025,0,0.0125,0,0.0025,0.02,0.045,0.0325,1.9375,2.25,0.625,1.1875,0.226190476,0.45,,24.78571429,,10.5,1.3125,FOR
2017,Summer,REF_060,36.61924469,-121.8997294,13,9.5,1,0.61703125,0.0078125,0.16953125,0.205625,0.00390625,0.005,0,0,0.266875,0.00640625,0,0,0.08203125,0,0.06890625,0,0.31046875,0.005,0,0.2475,0,0,0,0,0,0,0.00390625,2.625,0,0.4375,0,0.053084416,0,,40.83333333,,13.8,1.725,FOR
2017,Summer,REF_061,36.62672357,-121.912685,11,11.5,1.375,0.953125,0.01171875,0.0078125,0.02734375,0.04296875,0,0,0,0,0.0078125,0,0,0,0,0.69140625,0,0,0,0,0.16796875,0,0.00390625,0.03125,0.00390625,0.01171875,0.03515625,0.00390625,30.4375,2.9375,29.5625,2.3125,0.969337206,0.551041667,,37.96388889,,7.13,0.89125,BAR
2017,Summer,REF_063,36.61495425,-121.8960405,12,8.5,0.9375,0.6796875,0.04296875,0.01953125,0.2578125,0.0078125,0,0,0,0.00390625,0.0625,0,0.00390625,0.00390625,0,0.02734375,0,0.453125,0,0,0.41015625,0,0.0078125,0.0078125,0,0,0,0.01171875,10.125,0.1875,4.3125,0,0.178552177,0,,35.575,,4.55,0.56875,BAR
2017,Summer,REF_065,36.62775835,-121.9140941,12,8.2,2.25,0.98046875,0,0,0.01953125,0.109375,0.078125,0,0,0.00390625,0.2265625,0.0078125,0,0,0,0.19921875,0,0.0625,0,0,0.125,0,0.01171875,0.03125,0.01171875,0.00390625,0.01953125,0.109375,21.0625,3.4375,17.875,2.625,0.692662686,0.555803571,,40.74137931,,15.05,1.88125,BAR
2017,Summer,REF_066,36.62312738,-121.9044474,15,6,1.5625,1,0,0,0,0.03515625,0.1484375,0,0,0,0.0546875,0,0,0,0,0.03515625,0,0.65234375,0,0,0.0234375,0,0,0,0,0,0,0.05078125,10.25,0.0625,6.1875,0.0625,0.35155068,0.0625,,46.02083333,,19.7,2.4625,FOR
2017,Summer,REF_067,36.63341747,-121.9193396,14,10.9,1.8125,0.93359375,0.00390625,0,0.0625,0.0078125,0.00390625,0,0,0.0625,0.11328125,0.00390625,0,0.00390625,0,0.1328125,0,0.265625,0.00390625,0.00390625,0.2578125,0,0.01171875,0.03125,0,0,0.01171875,0.0859375,13,2.0625,9.8125,1.0625,0.589306007,0.295833333,,38.71052632,,14.3,1.7875,BAR
2017,Summer,REF_068,36.63643033,-121.9239585,11,6.4,1.5625,1,0,0,0,0,0.203125,0,0,0,0,0,0,0,0,0.00390625,0,0.7734375,0,0,0.01953125,0,0,0,0,0,0,0,5.9375,0.5,0.0625,0,0.015625,0,,40.05,,13.63,1.70375,BAR
2017,Summer,REF_069,36.61239851,-121.8934149,11,15,0.75,0.39453125,0.02734375,0.01171875,0.56640625,0.00390625,0,0,0,0.11328125,0.05859375,0,0,0,0,0.12890625,0,0.00390625,0,0,0.64453125,0,0.0078125,0.01953125,0,0,0.015625,0.00390625,12.5,2.5,8.6875,2.3125,0.519990079,0.322916667,,39.57692308,,7.7,0.3,BAR
2017,Summer,REF_070,36.62778492,-121.9121456,11,15,1.875,1,0,0,0,0.17578125,0.00390625,0,0,0,0.0390625,0,0,0,0,0.58203125,0,0,0,0,0.125,0,0.00390625,0.04296875,0.01953125,0,0.0078125,0,18.25,9.375,17.1875,9.0625,0.92967033,0.9640625,,40.92105263,,17.2,2.15,BAR
2017,Summer,REF_071,36.6196656,-121.9001541,13,9.1,1.625,0.984375,0,0,0.015625,0,0.0078125,0,0,0.2890625,0,0.00390625,0.00390625,0.03125,0,0.01953125,0,0.4453125,0,0,0.1875,0,0,0,0,0,0.01171875,0,1.9375,0.625,0.1875,0,0.049107143,0,,39.66666667,,9.33,1.16625,FOR
2017,Summer,REF_072,36.61443287,-121.8963633,12,5.2,0.875,0.5546875,0,0,0.4453125,0,0,0,0,0.19921875,0.02734375,0.0078125,0,0,0,0,0,0.46484375,0,0,0.296875,0,0,0,0,0,0.00390625,0,2.3125,0.1875,0,0,0,0,,35.88888889,,3.7,0.4625,FOR
2017,Summer,REF_073,36.63287702,-121.9181637,11,15.8,1.625,0.83984375,0.0078125,0,0.15234375,0.0625,0,0,0,0.00390625,0.08203125,0.01171875,0.01953125,0,0,0.34375,0,0.02734375,0,0,0.3203125,0,0.00390625,0.01171875,0.0078125,0,0.0859375,0.01953125,5.8125,2.75,4.0625,2.25,0.497321429,0.513392857,,40.4,,14.29,1.78625,BAR
2017,Summer,REF_075,36.62532426,-121.911152,13,13.3,1.1875,0.890625,0.04296875,0.01171875,0.0546875,0.0078125,0,0,0,0,0,0,0,0,0,0.7265625,0.00390625,0,0,0,0.1640625,0,0.00390625,0.02734375,0.015625,0.00390625,0.04296875,0.00390625,24.5625,3.9375,24.1875,3.5625,0.977628968,0.859375,,36.23076923,,9.4,1.175,BAR
2017,Summer,REF_076,36.61346844,-121.8964246,15,6.5,1.4375,0.984375,0,0,0.015625,0,0.00390625,0,0,0.01953125,0.01171875,0,0.00390625,0,0,0.03125,0,0.90234375,0,0,0.015625,0,0,0.0078125,0,0,0,0.00390625,9.375,0,0.0625,0,0.020833333,0,,41.03846154,,17.5,2.1875,FOR
2017,Summer,REF_081,36.6289809,-121.9123635,14,19.6,1.3125,0.65625,0.0390625,0.00390625,0.30078125,0.046875,0.01171875,0,0,0,0.03125,0,0,0,0,0.296875,0,0,0,0.00390625,0.45703125,0,0.0234375,0.01953125,0.015625,0.00390625,0.08984375,0,4.625,4.875,4.25,4.6875,0.569730392,0.7109375,,43.09615385,,10.85,1.35625,BAR
2017,Summer,REF_082,36.63425793,-121.9192347,11,10.3,1.9375,0.98046875,0.0078125,0,0.01171875,0.06640625,0.00390625,0.01953125,0,0.00390625,0.0234375,0,0,0.0078125,0,0.578125,0,0.0078125,0,0,0.12890625,0,0.00390625,0.0859375,0.015625,0,0.00390625,0.05078125,42,6.875,41.625,6.75,0.985127005,0.975,,36.67105263,,19.8,2.475,BAR
2017,Summer,REF_083,36.639494,-121.9226708,11,19.8,1.6875,0.5859375,0.36328125,0,0.05078125,0.02734375,0.03515625,0,0,0,0.015625,0.02734375,0,0,0,0.55078125,0,0,0,0,0.3046875,0,0.015625,0,0.015625,0,0.0078125,0,0.5,2.9375,0.125,2.25,0.09375,0.672222222,,27.58333333,,5.69,0.71125,BAR
2017,Summer,REF_084,36.61700049,-121.8982129,12,6.1,1,1,0,0,0,0,0.00390625,0,0,0.203125,0.00390625,0,0,0,0,0.00390625,0,0.78125,0,0,0.00390625,0,0,0,0,0,0,0,1,0.1875,0,0,0,0,,36.31666667,,10.35,1.29375,FOR
2017,Summer,REF_085,36.63427012,-121.9185083,12,15,2.125,0.918198529,0.00390625,0,0.077895221,0.22265625,0,0,0,0,0.08671875,0.0078125,0,0,0,0.45736826,0,0.01953125,0,0,0.112821691,0,0.00390625,0.038143382,0.008072917,0.0078125,0.01953125,0.015625,11.4375,6.5625,10.875,6.0625,0.869926948,0.883333333,,39.6025641,,15,1.875,BAR
2017,Summer,REF_086,36.61740858,-121.895981,11,14,1.5,0.8359375,0.0625,0,0.1015625,0,0.05078125,0,0,0.08984375,0.08203125,0.0078125,0.0078125,0,0,0.2578125,0,0.1328125,0,0,0.328125,0,0.0078125,0.00390625,0,0.00390625,0.0078125,0.01953125,5.875,2.5625,2.125,1.0625,0.199588816,0.147727273,,39.64285714,,,,FOR
2017,Summer,REF_087,36.62687189,-121.9140413,12,8,1.0625,,,,,,,,,,,,,,,,,,,,,,,,,,,,27.3125,3.8125,,,,,,37.1,,,,BAR
2017,Summer,REF_090,36.6232795,-121.9059656,11,12.1,1.0625,0.66796875,0.0625,0.00390625,0.265625,0.00390625,0,0,0,0,0.00390625,0,0,0,0,0.2578125,0,0.00390625,0,0,0.3828125,0,0.01953125,0.03515625,0,0,0.26953125,0.0234375,20.4375,1.5625,19.9375,1.3125,0.929156322,0.489583333,,31.32407407,,9.53,1.19125,BAR
2017,Summer,REF_091,36.61963318,-121.8985177,11,11.8,1.0625,0.86328125,0.0078125,0,0.12890625,0.0078125,0.0390625,0,0,0.00390625,0.01171875,0.00390625,0.01953125,0.00390625,0,0.2109375,0,0.296875,0,0,0.33203125,0,0.0078125,0.0078125,0,0,0.0234375,0.03125,7.25,0.5625,2.1875,0.25,0.189230388,0,,38.02173913,,7.3,0.9125,BAR
2017,Summer,REF_092,36.61956332,-121.8978192,11,15.1,1.5,0.88671875,0.015625,0,0.09765625,0.00390625,0,0,0,0.00390625,0,0.00390625,0.00390625,0.02734375,0,0.1796875,0,0.0234375,0,0,0.53515625,0,0.015625,0,0,0,0.1484375,0.0546875,1.75,0.75,0.6875,0.0625,0.119047619,0.020833333,,31.42857143,,20.35,1.705555556,FOR
2017,Summer,REF_094,36.62284525,-121.9085523,13,9.9,1.25,0.727678571,0.044642857,0.09375,0.133928571,0,0,0,0,0,0.004464286,0.004464286,0,0,0,0.763392857,0,0,0,0,0.147321429,0,0,0.075892857,0,0,0.004464286,0,73.25,3.625,72.42857143,3.571428571,0.978450176,0.535714286,,42.28333333,,12.4,1.55,BAR
2017,Summer,REF_095,36.62497897,-121.9120431,12,9.8,1.8125,0.92578125,0.015625,0.046875,0.01171875,0.12109375,0,0,0,0,0,0,0,0,0,0.8359375,0,0,0,0,0.015625,0,0.00390625,0.0234375,0,0,0,0,25.25,2.625,25.25,2.5,1,0.784375,,44.64285714,,11.8,1.475,BAR
2017,Summer,REF_096,36.61492541,-121.8964947,16,5.8,1.3125,0.77734375,0,0.02734375,0.1953125,0,0,0,0,0.03125,0.01953125,0,0,0.0078125,0,0.00390625,0,0.78515625,0,0,0.13671875,0,0.00390625,0,0,0,0.01171875,0,1.875,0,0,0,0,0,,35.86363636,,11.37,1.42125,FOR
2017,Summer,REF_097,36.61237578,-121.8947703,13,9.5,0.9375,0.64453125,0.00390625,0.00390625,0.34765625,0.0078125,0,0,0,0.1875,0.0078125,0,0,0.10546875,0,0.01953125,0,0.4453125,0,0,0.20703125,0,0.0078125,0.00390625,0,0,0.00390625,0.00390625,3.625,0.5,0.5625,0.1875,0.048958333,0.052083333,,38.6,,12.95,1.61875,FOR
2017,Summer,REF_099,36.63878914,-121.9246315,11,13.1,1.4375,0.8359375,0.1015625,0.03515625,0.02734375,0.0625,0,0,0,0,0.0078125,0,0,0,0,0.8203125,0,0.00390625,0,0,0.06640625,0,0,0.015625,0.0078125,0.01171875,0,0.00390625,17,4.0625,16.0625,3.875,0.930238119,0.898958333,,34.7875,,6.12,1.588571429,BAR
2017,Summer,REF_100,36.63848993,-121.9218112,11,20.4,1,0.6640625,0.1484375,0.078125,0.109375,0.0078125,0,0,0,0,0.00390625,0,0,0.00390625,0,0.625,0,0,0,0,0.296875,0,0,0,0.0078125,0,0.03515625,0.01953125,1.0625,3.1875,0.375,2.5,0.1875,0.609375,,33.31818182,,0,0.698571429,BAR
2017,Summer,RT_013,36.61939,-121.9,14,6.6,1.25,0.90625,0.04296875,0.00390625,0.046875,0,0.0625,0,0,0.32421875,0,0,0,0.00390625,0,0.0390625,0,0.515625,0,0,0.05078125,0,0,0,0,0,0,0.00390625,8.0625,0.375,0.25,0,0.015942029,0,,36.125,,,,FOR
2017,Summer,RT_014,36.61275,-121.896,14,7,1.125,0.71875,0,0,0.28125,0.00390625,0,0,0,0.30859375,0.0078125,0,0.0078125,0.0234375,0,0.0234375,0,0.40625,0,0,0.20703125,0,0.00390625,0,0,0,0,0.0078125,4.5625,1.625,0.1875,0,0.03125,0,,33.86111111,,,,FOR
2017,Summer,RT_015,36.62147,-121.902,13,8.3,1.25,0.9453125,0.02734375,0,0.02734375,0,0.171875,0,0,0.10546875,0.01171875,0,0.00390625,0.00390625,0,0.25390625,0,0.296875,0,0,0.1171875,0,0,0,0,0,0.00390625,0.03125,11.75,2,1,0,0.059744499,0,,33.96,,,,FOR
2017,Summer,RT_017,36.62785528,-121.9175439,11,4.7,0.75,0.4375,0.06640625,0,0.49609375,0,0,0,0,0.51171875,0.01953125,0,0,0.0703125,0,0.00390625,0,0.19140625,0.0390625,0,0.1640625,0,0,0,0,0,0,0,0.1875,0,0,0,0,0,,47,,,,FOR
2017,Summer,RT_019,36.62751,-121.916,11,6.6,1.0625,,,,,,,,,,,,,,,,,,,,,,,,,,,,2.6875,0.125,,,,,,32.2,,,,FOR
2017,Summer,RT_021,36.63270211,-121.9196692,13,11.7,1,0.7578125,0.17578125,0.0078125,0.05859375,0,0.04296875,0,0,0.06640625,0.0078125,0,0.0078125,0.00390625,0,0.6015625,0,0.1171875,0,0,0.12890625,0,0.00390625,0.00390625,0,0,0.01171875,0.00390625,21.4375,2.875,13.875,1.125,0.50094274,0.289930556,,36.08064516,,,,BAR
2017,Summer,RT_022,36.61487473,-121.8967365,15,6.8,0.5625,0.3515625,0,0,0.6484375,0,0,0,0,0,0.0078125,0,0,0.01171875,0,0.0078125,0,0.58203125,0,0,0.375,0,0.00390625,0,0,0,0.01171875,0,3.375,0.0625,0.1875,0,0.016666667,0,,32.5,,,,FOR
2017,Summer,RT_024,36.61178384,-121.896064,14,5.8,0.5,0.4921875,0,0,0.5078125,0,0,0,0,0.24609375,0.0390625,0,0,0.0390625,0,0.0078125,0,0.31640625,0,0,0.3515625,0,0,0,0,0,0,0,2.5,0,0,0,0,0,,37.9375,,,,FOR
2017,Summer,RT_025,36.61987855,-121.9009988,13,6.6,1.125,0.975,0.0125,0,0.0125,0,0,0,0,0.06875,0,0,0,0.00625,0,0.0125,0,0.85,0,0,0.05,0,0,0.00625,0,0,0,0.00625,5.8,0.5,0.4,0,0.064015152,0,,35.55555556,,,,FOR
2017,Summer,RT_026,36.6121769,-121.8951355,14,8.2,0.875,0.81640625,0.01953125,0,0.1640625,0.01953125,0,0.015625,0,0.22265625,0.02734375,0,0.00390625,0.109375,0,0.046875,0,0.359375,0,0,0.1796875,0,0,0,0,0,0,0.015625,10.5,0.125,1.6875,0.125,0.104220309,0.0625,,33.95,,,,FOR
2017,Summer,RT_027,36.6215004,-121.9021804,11,9,1,0.8359375,0.01953125,0.0078125,0.13671875,0,0.01953125,0,0,0.08984375,0.0078125,0,0,0.02734375,0,0.3046875,0,0.31640625,0,0,0.1953125,0,0.00390625,0.00390625,0,0,0.0078125,0.0234375,3.75,0.375,1.4375,0,0.161755952,0,,39.16666667,,,,FOR
2017,Summer,RT_028,36.6274194,-121.9163294,14,5.4,1.125,1,0,0,0,0,0,0,0,0.0625,0,0,0,0,0,0.0078125,0,0.876850329,0,0,0.048930921,0,0,0.00390625,0,0,0,0,7.5625,0.9375,0.5,0,0.023826628,0,,38.03703704,,,,FOR
2017,Summer,RT_029,36.62521363,-121.9143856,14,6,1.125,1,0,0,0,0,0.03125,0,0,0.01953125,0,0,0,0.00390625,0,0.078125,0,0.8671875,0,0,0,0,0,0,0,0,0,0,4.375,1.1875,0.125,0,0.008928571,0,,40.53333333,,,,FOR
2017,Summer,RT_030,36.62437,-121.912,12,7.5,1.4375,0.98828125,0.0078125,0,0.00390625,0,0.13671875,0,0,0.00390625,0,0,0,0,0,0.21875,0,0.60546875,0,0,0.0078125,0,0.01171875,0,0,0,0,0.015625,2.6875,0.375,0.375,0,0.128125,0,,40.21428571,,,,FOR
2017,Summer,RT_031,36.62249098,-121.9047641,14,8.1,1.625,1,0,0,0,0.01953125,0.0546875,0.0078125,0.00390625,0.0078125,0.1875,0,0,0,0,0.23828125,0.00390625,0.1640625,0,0,0.08203125,0,0,0.04296875,0.00390625,0,0.0078125,0.17578125,22.0625,2.375,12.5,1.4375,0.570731781,0.402777778,,43.51282051,,,,BAR
2017,Summer,RT_033,36.62260528,-121.9091836,13,6,1.125,0.975,0.016666667,0.008333333,0,0,0.004166667,0,0,0.058333333,0.020833333,0,0,0,0,0.0375,0,0.791666667,0,0,0.079166667,0,0,0.004166667,0,0.004166667,0,0,7.8125,0.375,0.533333333,0,0.031944444,0,,37.14705882,,,,FOR
2017,Summer,RT_034,36.63618,-121.927,13,5.8,1,0.858333333,0.0375,0.095833333,0.008333333,0,0.254166667,0,0,0.116666667,0.004166667,0,0,0.004166667,0,0.166666667,0,0.358333333,0.045833333,0,0.025,0,0.016666667,0.008333333,0,0,0,0,11.53333333,0.133333333,0.266666667,0,0.009254902,0,,37.7173913,,,,FOR
2017,Summer,RT_035,36.62749,-121.918,14,3.6,1.25,0.815104167,0,0,0.184895833,0,0,0,0,0.109375,0.005208333,0,0,0.063802083,0,0,0,0.424479167,0.365885417,0,0.03125,0,0,0,0,0,0,0,2.1875,0,0,0,0,0,,36.68181818,,,,FOR
2017,Summer,RT_037,36.62809961,-121.9171553,13,6.8,1.0625,0.894097222,0,0,0.105902778,0,0,0,0,0.296875,0,0.005208333,0,0.015625,0,0.020833333,0,0.550347222,0,0,0.081597222,0,0.005208333,0,0,0,0.017361111,0.006944444,11.375,0.0625,0,0,0,0,,36.05,,,,FOR
2017,Summer,RT_038,36.62705,-121.916,15,5.2,1.375,0.96484375,0,0.00390625,0.03125,0,0,0,0,0.03125,0,0,0,0.00390625,0,0.00390625,0,0.9453125,0,0,0.015625,0,0,0,0,0,0,0,0.8125,0,0,0,0,0,,46.16666667,,,,FOR
2017,Summer,RT_040,36.62912812,-121.919275,16,5.9,1.75,1,0,0,0,0.0078125,0.01953125,0,0,0.0625,0.078125,0,0,0.0078125,0,0.03125,0,0.76953125,0,0,0.015625,0,0,0,0,0,0,0.0078125,5.75,1,0.375,0,0.059970238,0,,38.675,,,,FOR
2017,Summer,RT_041,36.62920651,-121.919015,14,9.4,1.1875,0.970833333,0.016666667,0.004166667,0.008333333,0,0.0625,0,0,0.3625,0.025,0,0,0.029166667,0,0.15,0,0.291666667,0,0,0.066666667,0,0.0125,0,0,0,0,0,1.0625,0,0.0625,0,0.015625,0,,35.72222222,,,,FOR
2018,Summer,REF_003,36.62975003,-121.9202437,13,5.3,1,0.58203125,0.23046875,0.0859375,0.1015625,0,0.20703125,0,0,0.1875,0,0,0,0.05078125,0,0.30078125,0,0.07421875,0,0.00390625,0.14453125,0,0,0,0,0.01171875,0.01171875,0.0078125,0.4375,0,0.125,0,0.025,0,8.454310577,43.5,664,9.4,1.175,FOR
2018,Summer,REF_004,36.61520615,-121.8969257,11,6.7,0.8125,0.2890625,0,0,0.7109375,0,0,0,0,0.10546875,0.0078125,0,0,0,0,0.0234375,0,0.25,0,0.00390625,0.59375,0,0.00390625,0.01171875,0,0,0,0,2.75,0,0.8125,0,0.084517045,0,6.951887914,36.36363636,546,6.9,0.8625,FOR
2018,Summer,REF_005,36.61739028,-121.8969417,10,10.6,1.4375,0.32421875,0.52734375,0,0.1484375,0.015625,0,0.00390625,0,0,0.01171875,0.03515625,0,0,0,0.62109375,0.00390625,0.0234375,0,0,0.26171875,0,0,0.01171875,0.00390625,0,0.0078125,0,10.6875,2.5,10.25,2.0625,0.952715774,0.805208333,0,36.5625,0,16.3,2.0375,BAR
2018,Summer,REF_006,36.61250547,-121.8926163,12,18.3,0.3125,0.24609375,0.010416667,0,0.743489583,0.045572917,0,0,0,0,0.01171875,0.01171875,0,0,0,0.01953125,0,0,0,0,0.895833333,0,0,0,0.00390625,0,0.01171875,0,2.0625,0.75,1.5625,0.4375,0.219886364,0.182291667,0.369239468,39.09090909,29,5.45,0.68125,BAR
2018,Summer,REF_007,36.63140904,-121.9192608,9,12.5,1.3125,1,0,0,0,0,0,0,0,0.008928571,0.026785714,0.004464286,0,0,0,0.857142857,0,0.004464286,0,0,0.089285714,0,0,0,0.004464286,0.004464286,0,0,6.9375,1.8125,4.125,1,0.517134081,0.385416667,0,34.82142857,0,14.7,1.077777778,BAR
2018,Summer,REF_008,36.63847655,-121.9250395,11,10.6,1.3125,1,0,0,0,0,0,0,0,0,0.01796875,0,0,0,0,0.888541667,0,0,0,0,0.052083333,0,0,0.0296875,0.01171875,0,0,0,31.5625,5.4375,31.0625,4.875,0.979602563,0.826388889,0,34.59375,0,13,1.625,BAR
2018,Summer,REF_009,36.6306734,-121.9206322,12,6.1,1.125,1,0,0,0,0,0.5546875,0,0,0.0625,0,0,0,0,0,0.0859375,0,0.1953125,0,0,0.08984375,0,0.01171875,0,0,0,0,0,0.4375,0,0,0,0,0,3.565070725,33.5,280,14.55,1.81875,FOR
2018,Summer,REF_010,36.618177,-121.897148,11,12,1.1875,1,0,0,0,0,0.00390625,0.00390625,0,0,0.02734375,0.046875,0,0.0234375,0,0.65625,0,0,0,0,0.21875,0,0.00390625,0.0078125,0,0,0.0078125,0,9.25,1.875,8.625,1.6875,0.926609849,0.771875,0,39.28125,0,12.1,1.5125,BAR
2018,Summer,REF_012,36.6151355,-121.8963293,12,9.5,1.0625,1,0,0,0,0.00390625,0,0,0,0.1015625,0.07421875,0.01171875,0,0,0,0.35546875,0,0.1484375,0,0,0.21484375,0,0.0078125,0.01953125,0,0.00390625,0,0.05859375,19.5625,1.1875,9.125,0.25,0.35357611,0.122395833,0,39.78571429,0,10.9,1.3625,BAR
2018,Summer,REF_015,36.61268347,-121.8956457,12,6.1,1.4375,0.83984375,0.046875,0.05078125,0.0625,0.048177083,0.00390625,0,0,0.0546875,0.197916667,0.04296875,0.016927083,0.00390625,0,0.04296875,0,0.08203125,0.08203125,0.02734375,0.190104167,0,0.0078125,0.015625,0,0,0.0703125,0.11328125,19.9375,1.625,3.75,0.0625,0.155139323,0.020833333,6.391662515,42.5,502,12.93,1.61625,FOR
2018,Summer,REF_016,36.61268347,-121.8956457,12,9.6,1.6875,0.84765625,0.15234375,0,0,0.1875,0.00390625,0.00390625,0,0,0.08984375,0.05078125,0,0,0,0.5859375,0,0.00390625,0.00390625,0,0.03515625,0,0,0.01953125,0,0,0.01171875,0.00390625,8.0625,2.125,6.1875,0.625,0.757386364,0.425595238,0,37.45833333,0,7.42,0.9275,BAR
2018,Summer,REF_017,36.62275689,-121.8999096,10,22.2,1.3125,0.9125,0,0,0.0875,0.120833333,0.008333333,0,0,0,0.020833333,0.016666667,0,0,0.008333333,0.1,0,0,0.0125,0,0.6875,0,0.016666667,0,0.008333333,0,0,0,0,1.25,0,0.625,0,0.1875,0,,0,19.8,1.644444444,BAR
2018,Summer,REF_019,36.62969679,-121.9168648,12,13.2,1.0625,0.9765625,0.015625,0,0.0078125,0.0078125,0.125,0,0,0,0.078125,0.015625,0,0,0,0.3515625,0,0,0,0,0.2109375,0,0,0.078125,0.0078125,0,0.0625,0.0625,34.375,2.4375,37.125,0.875,0.900877193,0.25,0,38.52,0,5.7,0.7125,BAR
2018,Summer,REF_020,36.63355772,-121.9200553,13,5.9,1.4375,1,0,0,0,0.015625,0.05078125,0,0,0.05859375,0.09375,0,0,0,0,0.0078125,0,0.69921875,0,0.01953125,0.00390625,0,0,0.00390625,0,0.00390625,0,0.04296875,4,0,0.25,0,0.041666667,0,2.088112853,49.125,164,6.7,0.8375,FOR
2018,Summer,REF_021,36.62438149,-121.909425,12,12.4,1.1875,0.946428571,0.040178571,0,0.013392857,0.03125,0,0,0,0,0.004464286,0,0,0,0,0.758928571,0,0,0,0,0.084821429,0,0,0.111607143,0.004464286,0.004464286,0,0,28.375,2.625,27.71428571,2.428571429,0.967970522,0.857142857,0,36.66666667,0,,,BAR
2018,Summer,REF_022,36.63398167,-121.921197,13,7.8,1.25,0.6953125,0.01953125,0.0234375,0.26171875,0.01171875,0,0,0,0,0,0,0,0,0,0.60546875,0,0.0078125,0,0,0.2578125,0,0.01171875,0.0625,0.015625,0,0.02734375,0,32,2.5,31.5,2.1875,0.985657051,0.716666667,0,40.5,0,10.46,1.3075,BAR
2018,Summer,REF_024,36.61739373,-121.8988406,13,6.3,1.375,0.94140625,0,0,0.05859375,0,0,0,0,0.14453125,0.01953125,0,0,0,0,0.015625,0,0.734375,0,0,0.07421875,0,0,0,0.00390625,0,0,0.0078125,1.9375,0,0.0625,0,0.010416667,0,3.857915821,40,303,10.2,1.275,FOR
2018,Summer,REF_025,36.62461136,-121.9105014,11,11.7,1.3125,0.966145833,0,0,0.033854167,0.02734375,0,0,0,0,0,0.02734375,0,0,0,0.864583333,0,0,0,0,0.033854167,0,0,0.01953125,0.01171875,0.00390625,0.01171875,0,18.0625,3.625,17.25,3,0.909924451,0.805059524,0,36.5,0,11,1.375,BAR
2018,Summer,REF_026,36.61595796,-121.8968123,11,9,1.4375,1,0,0,0,0.03125,0,0.01171875,0,0.08203125,0.1328125,0.01171875,0,0.03515625,0,0.0703125,0,0.26953125,0.00390625,0.00390625,0.203125,0,0.01171875,0.01953125,0,0,0.0078125,0.10546875,14.3125,0.3125,2.6875,0.125,0.142828606,0.0625,3.526873539,40.66666667,277,,,FOR
2018,Summer,REF_027,36.63577584,-121.9210275,10,14.3,1.125,0.734375,0.00390625,0,0.26171875,0,0,0,0,0,0,0.0078125,0.00390625,0,0,0.69140625,0,0,0,0,0.21875,0,0.0078125,0.015625,0.0078125,0.00390625,0.04296875,0,9.8125,2.625,9.6875,1.8125,0.983333333,0.79375,0,39.09375,0,7.2,0.9,BAR
2018,Summer,REF_028,36.63272734,-121.9193086,11,10.7,1.125,0.98828125,0,0,0.01171875,0,0.00390625,0,0,0,0.015625,0.0078125,0,0,0,0.8203125,0,0,0,0,0.05078125,0,0.00390625,0.0390625,0.046875,0,0,0.01171875,15.75,4.8125,15.125,2.8125,0.964393939,0.600768849,0,41,0,14,1.75,BAR
2018,Summer,REF_029,36.63194767,-121.9185079,12,15.3,0.875,0.4765625,0,0,0.5234375,0.01953125,0,0,0,0.1171875,0.0078125,0,0,0,0,0.34375,0,0,0,0,0.39453125,0,0.00390625,0.0078125,0,0,0.09375,0.01171875,5,1.375,3.6875,1.125,0.485935592,0.177083333,0,42.3,0,8.6,1.075,BAR
2018,Summer,REF_031,36.61875593,-121.8989545,10,10.9,1.4375,0.79296875,0,0,0.20703125,0.01953125,0,0,0,0.4296875,0.01171875,0.00390625,0,0,0,0.16015625,0,0.09765625,0,0,0.2109375,0,0,0.00390625,0,0,0,0.0625,2.1875,0,0.25,0,0.042857143,0,5.805972324,33.5,456,12.45,1.55,FOR
2018,Summer,REF_032,36.62831553,-121.9148912,11,13.7,1.625,0.78515625,0,0.015625,0.19921875,0.0234375,0,0,0,0,0.00390625,0,0,0,0,0.4453125,0,0,0,0,0.296875,0,0.12109375,0.0390625,0.0078125,0,0.05078125,0.01171875,13.5625,1.6875,12.125,1.3125,0.823777742,0.45625,0,39.59259259,0,,,BAR
2018,Summer,REF_033,36.61815983,-121.8978271,10,11.8,1.25,0.671875,0,0,0.328125,0,0,0,0,0.0390625,0.02734375,0.00390625,0.01953125,0,0,0.51953125,0,0.00390625,0,0,0.34375,0,0.01953125,0.015625,0.0078125,0,0,0,5.3125,1.5,5,1.25,0.829166667,0.53125,0,37.24,0,12.9,0.877777778,BAR
2018,Summer,REF_034,36.61432921,-121.8958626,12,6.8,1.375,0.8203125,0,0,0.1796875,0,0,0,0,0.26171875,0.015625,0,0,0.109375,0,0.00390625,0,0.44921875,0,0,0.109375,0,0,0,0,0,0.00390625,0.046875,1.5625,0,0.125,0,0.06875,0,6.862761146,37.5,539,19.1,1.566666667,FOR
2018,Summer,REF_035,36.63084128,-121.9190331,13,11.5,1.125,0.75,0.040178571,0,0.209821429,0.004464286,0.004464286,0,0,0.075892857,0.004464286,0,0,0,0,0.290178571,0,0.375,0,0.004464286,0.191964286,0,0.013392857,0.008928571,0,0.008928571,0,0.017857143,5.625,0.75,2,0,0.210805861,0,0,38.13333333,0,8.91,0.434444444,FOR
2018,Summer,REF_036,36.63023341,-121.9184411,11,12.2,1.0625,0.61328125,0.0078125,0,0.37890625,0,0.00390625,0,0,0.0703125,0.01171875,0,0,0.03125,0,0.01171875,0,0.5390625,0,0,0.3125,0,0,0,0.00390625,0,0.00390625,0.01171875,0.5625,0.0625,0,0,0,0,3.284958025,43,258,11.2,1.4,FOR
2018,Summer,REF_038,36.62843688,-121.913132,9,16.9,1.25,0.91015625,0,0,0.08984375,0.01171875,0,0,0,0,0.00390625,0.0078125,0.00390625,0,0,0.67578125,0,0.00390625,0,0,0.21875,0,0.0234375,0.01171875,0.00390625,0,0.03515625,0,5.375,2.25,4.75,1.75,0.893402778,0.701041667,0,37.92307692,0,10.55,1.31875,BAR
2018,Summer,REF_039,36.61544991,-121.8958264,12,10.7,1.3125,0.9296875,0.01953125,0.0078125,0.04296875,0.01171875,0.00390625,0,0,0.06640625,0.05078125,0,0,0.01953125,0,0.05078125,0,0.4375,0.00390625,0,0.265625,0,0.0078125,0.01953125,0,0.00390625,0,0.05859375,6.1875,0.875,1.25,0.0625,0.173003472,0,2.482817112,36.1875,195,16.2,2.025,FOR
2018,Summer,REF_042,36.63537459,-121.9207611,10,12.2,1.5625,0.98046875,0,0,0.01953125,0.00390625,0.00390625,0.00390625,0,0,0.01171875,0.00390625,0,0,0,0.89453125,0,0.00390625,0,0,0.03125,0,0.00390625,0.01171875,0.01171875,0,0.00390625,0.01171875,12.875,3.25,12,2.4375,0.937266996,0.69375,0,32.63333333,0,11.2,1.4,BAR
2018,Summer,REF_043,36.63964852,-121.9217048,11,23.7,1.5625,0.953125,0,0,0.046875,0.05859375,0,0,0,0,0.015625,0.0078125,0,0,0,0.4375,0,0,0,0,0.40234375,0,0.01953125,0,0.00390625,0.0078125,0.00390625,0.04296875,0.125,1.4375,0.125,1.3125,0,0.666666667,0,,0,12,1.5,BAR
2018,Summer,REF_047,36.63280751,-121.9196618,11,9.5,1.0625,0.75625,0.090104167,0.095052083,0.05859375,0.004166667,0.01953125,0.0078125,0,0.00390625,0.01171875,0,0,0,0,0.721614583,0,0,0,0,0.059114583,0,0.01171875,0.05859375,0.01953125,0.00390625,0.074479167,0.00390625,37.25,5.75,35.4375,4.8125,0.941873118,0.804389881,0,35.03125,0,10,1.25,BAR
2018,Summer,REF_047F,36.632758,-121.920101,11,6.8,1.375,0.99609375,0,0,0.00390625,0.0234375,0.0390625,0,0,0.0546875,0.08203125,0,0,0.0078125,0,0.01953125,0,0.65625,0,0,0.03125,0,0.00390625,0,0,0,0,0.08203125,2.375,0.0625,0.25,0,0.130208333,0,4.596394756,38.83333333,361,,,FOR
2018,Summer,REF_048,36.62775632,-121.915939,14,8.6,1.3125,0.57421875,0.0390625,0,0.38671875,0,0,0,0,0.15625,0.00390625,0,0,0,0,0.08203125,0,0.38671875,0,0,0.33203125,0,0.00390625,0.01171875,0,0,0,0.0234375,7.5,0.5625,3.8125,0.0625,0.208406008,0,2.839324185,42.55555556,223,8.9,1.1125,FOR
2018,Summer,REF_050,36.63730255,-121.923042,11,14.2,1.375,0.9609375,0,0,0.0390625,0.015625,0,0,0,0,0.0078125,0.01171875,0,0,0,0.859375,0,0,0,0,0.04296875,0,0.0078125,0.01953125,0.01953125,0.00390625,0.01171875,0,15.375,4.625,14.8125,4.5625,0.971543576,0.90625,0,32.82142857,0,16.49,2.06125,BAR
2018,Summer,REF_051,36.61840375,-121.8985281,11,11,1.1875,0.95703125,0,0.00390625,0.0390625,0.0078125,0,0,0,0.0546875,0.03125,0.0078125,0,0,0,0.62890625,0,0.00390625,0,0,0.21875,0,0,0.015625,0,0,0.00390625,0.02734375,10.8125,0.75,9.6875,0.1875,0.822136492,0.09375,0,34.7,0,14.65,1.83125,BAR
2018,Summer,REF_054,36.63658866,-121.9221999,9,14.1,1.8125,0.93359375,0,0,0.06640625,0.11328125,0,0,0,0,0.01171875,0.00390625,0,0,0,0.6640625,0,0.0234375,0,0,0.08984375,0,0.00390625,0.0234375,0.0078125,0,0,0.05859375,15.125,4,13.5625,3.625,0.907403165,0.84375,0,33.5,0,12,1.5,BAR
2018,Summer,REF_056,36.61626281,-121.8971783,11,6.9,1.5,1,0,0,0,0,0,0,0,0.15234375,0,0,0,0,0,0.0546875,0,0.59765625,0,0,0.1015625,0,0,0,0,0,0,0.09375,4.3125,0.6875,0.4375,0.125,0.085611264,0.04375,6.442592096,41.44444444,506,18.4,2.3,FOR
2018,Summer,REF_058,36.64058321,-121.9251629,12,20,1,0.90625,0,0,0.09375,0.02734375,0.00390625,0,0,0.0078125,0,0.00390625,0,0,0,0.4765625,0,0.01171875,0,0,0.38671875,0,0.02734375,0.00390625,0.0078125,0,0,0.04296875,1.5,1.0625,0.5,0.5625,0.166666667,0.333333333,0,30.8,0,10.5,1.3125,BAR
2018,Summer,REF_060,36.61924469,-121.8997294,11,9.3,1.0625,0.84375,0.03515625,0.01171875,0.109375,0,0.06640625,0,0,0.234375,0.00390625,0.00390625,0,0.01953125,0,0.078125,0,0.31640625,0,0,0.125,0,0.00390625,0.00390625,0.00390625,0.0390625,0,0.1015625,3.5625,0.875,1.75,0.1875,0.269791667,0.052083333,7.015549891,41.2,551,13.8,1.725,FOR
2018,Summer,REF_061,36.62672357,-121.912685,11,11.2,1.3125,0.8203125,0.0390625,0.01953125,0.12109375,0.05859375,0,0,0,0,0,0,0,0,0.00390625,0.734375,0,0,0,0,0.15234375,0,0.0078125,0.02734375,0.00390625,0.00390625,0.0078125,0,26.5,4.1875,25.5625,4.1875,0.960676894,0.9375,0,38.7,0,7.13,0.89125,BAR
2018,Summer,REF_063,36.61495425,-121.8960405,10,10.6,1,0.46875,0,0,0.53125,0,0,0,0,0.03515625,0.046875,0,0,0.40234375,0,0.0078125,0,0.375,0,0,0.08984375,0,0.01171875,0,0,0,0,0.03125,3.4375,0.25,0.5625,0.0625,0.062009804,0,3.514141143,36,276,4.55,0.56875,FOR
2018,Summer,REF_065,36.62775835,-121.9140941,10,10.2,1.75,0.97265625,0.00390625,0,0.0234375,0.1015625,0.03515625,0.00390625,0,0.0078125,0.1015625,0,0,0,0,0.546875,0,0.0078125,0,0,0.0546875,0,0.0078125,0.01953125,0.01171875,0,0.0390625,0.0625,14.8125,3.5625,13.4375,3.0625,0.888252169,0.859375,0,41.96428571,0,15.05,1.88125,BAR
2018,Summer,REF_066,36.62312738,-121.9044474,11,7.3,2.0625,0.96875,0,0,0.03125,0.03515625,0.10546875,0,0,0.0234375,0.1328125,0,0,0,0,0.12109375,0,0.16796875,0,0,0.16796875,0,0.0078125,0.046875,0.015625,0.01171875,0.0234375,0.140625,9.875,3.75,6.6875,2.0625,0.466254059,0.2953125,0.369239468,45.32142857,29,19.7,2.4625,BAR
2018,Summer,REF_069,36.61239851,-121.8934149,15,14.5,0.8125,0.140625,0.21484375,0,0.64453125,0.0390625,0,0.01171875,0,0,0,0.00390625,0,0,0,0.1328125,0,0,0,0,0.78515625,0,0.00390625,0.015625,0,0,0.00390625,0.00390625,4.875,0.4375,4.625,0.125,0.4453125,0.020833333,0,40.2,0,7.7,0.3,BAR
2018,Summer,REF_070,36.62778492,-121.9121456,11,14.8,1.6875,0.8984375,0.078125,0,0.0234375,0.201822917,0,0,0,0,0.015625,0.01953125,0,0,0,0.513020833,0,0,0,0,0.158854167,0,0.00390625,0.03515625,0.040364583,0,0.01171875,0,12.375,9.75,11.8125,8.4375,0.907291667,0.902056277,0,40.93333333,0,17.2,2.15,BAR
2018,Summer,REF_071,36.6196656,-121.9001541,12,7.4,1.375,0.8984375,0.0078125,0.00390625,0.08984375,0.00390625,0.046875,0,0,0.09765625,0.0078125,0,0,0.00390625,0,0.03515625,0,0.6484375,0,0,0.0546875,0,0.0078125,0,0,0,0,0.09375,5.3125,0.3125,1.3125,0,0.123048744,0,0.356507073,46.64285714,28,9.33,1.16625,FOR
2018,Summer,REF_072,36.61443287,-121.8963633,12,7,0.25,0,0,0,1,0,0,0,0,0.02734375,0,0,0,0.19140625,0,0,0,0.0546875,0,0,0.71875,0,0.0078125,0,0,0,0,0,0,0,0,0,0,0,3.705127075,,291,3.7,0.4625,FOR
2018,Summer,REF_073,36.63287702,-121.9181637,11,17.3,1.4375,0.8984375,0.01171875,0.00390625,0.0859375,0.0390625,0,0,0,0,0.015625,0.0234375,0.00390625,0,0,0.390625,0,0,0,0,0.43359375,0,0.0234375,0.00390625,0.02734375,0.00390625,0.01171875,0.0234375,2.5625,3.125,1.0625,2.25,0.338690476,0.493406593,0,45.11111111,0,14.29,1.78625,BAR
2018,Summer,REF_075,36.62532426,-121.911152,11,11.4,1.4375,0.9375,0.05078125,0.0078125,0.00390625,0.1640625,0,0.01171875,0,0,0,0.00390625,0,0,0,0.7109375,0,0,0,0,0.03125,0,0,0.05859375,0.00390625,0,0.015625,0,23.1875,3.9375,22.4375,3.75,0.969417109,0.849826389,0,37.96969697,0,9.4,1.175,BAR
2018,Summer,REF_076,36.61346844,-121.8964246,11,5.9,1.3125,0.6875,0,0,0.3125,0,0,0,0,0.03125,0,0,0,0.01171875,0,0,0,0.9375,0,0,0.01953125,0,0,0,0,0,0,0,1.875,0,0,0,0,0,0.853070495,34.8,67,17.5,2.1875,FOR
2018,Summer,REF_081,36.6289809,-121.9123635,11,19,1.375,0.828125,0.0078125,0,0.1640625,0.02734375,0,0,0,0,0,0.00390625,0,0,0,0.4453125,0,0,0,0,0.375,0,0.015625,0,0.0234375,0.00390625,0.09765625,0.0078125,2.4375,3.9375,1.75,2.8125,0.538541667,0.650744048,0,32.26315789,0,10.85,1.35625,BAR
2018,Summer,REF_082,36.63425793,-121.9192347,14,10.7,1.625,0.995833333,0,0,0.004166667,0.116666667,0,0.083333333,0,0,0,0,0,0,0,0.6125,0,0,0,0,0.1125,0,0.008333333,0.045833333,0.008333333,0.004166667,0.008333333,0,30.25,4,28.2,3.8,0.964183059,0.872222222,0,40.8,0,19.8,2.475,BAR
2018,Summer,REF_083,36.639494,-121.9226708,11,20.8,1.125,0.8984375,0,0,0.1015625,0.03515625,0,0,0,0,0,0.04296875,0,0,0,0.23046875,0.00390625,0,0,0,0.6328125,0,0.0078125,0,0.00390625,0.0078125,0.03515625,0,0.25,2.3125,0.125,1.8125,0,0.620833333,0,,0,5.69,0.71125,BAR
2018,Summer,REF_084,36.61700049,-121.8982129,10,8.2,1.0625,0.640625,0.0078125,0,0.3515625,0.00390625,0,0,0,0.11328125,0,0,0,0.0703125,0,0,0,0.59375,0,0,0.18359375,0,0,0,0,0,0,0.03515625,1.75,0,0.125,0,0.041666667,0,4.647324338,37,365,10.35,1.29375,FOR
2018,Summer,REF_085,36.63427012,-121.9185083,10,15.8,1.5625,0.9140625,0.0390625,0.01171875,0.03515625,0.05859375,0,0,0,0,0.0078125,0,0,0,0,0.37109375,0,0.0078125,0,0,0.11328125,0,0,0.015625,0.015625,0.28515625,0.00390625,0.12109375,3.75,2.9375,3.3125,1.625,0.825,0.599702381,0,35.79166667,0,15,1.875,BAR
2018,Summer,REF_086,36.61740858,-121.895981,12,12.8,2,1,0,0,0,0.0625,0.01171875,0.0078125,0,0,0.08984375,0.0078125,0,0,0,0.4609375,0,0,0,0,0.27734375,0,0.03125,0.01953125,0.015625,0.00390625,0.00390625,0.0078125,7.875,4.5,7.1875,4.3125,0.784688995,0.703125,0,38.36,0,,,BAR
2018,Summer,REF_087,36.62687189,-121.9140413,11,9,1.375,0.7421875,0.21875,0,0.0390625,0.01953125,0.00390625,0.00390625,0,0,0,0,0,0,0,0.83984375,0,0,0,0,0.05859375,0,0.01171875,0.03125,0.01953125,0,0.01171875,0,38.5625,4,38.3125,3.875,0.992486934,0.8125,0,32.25,0,,,BAR
2018,Summer,REF_090,36.6232795,-121.9059656,11,12.8,1.625,0.8046875,0.046875,0,0.1484375,0.03125,0,0,0,0,0.0703125,0.00390625,0,0,0,0.329427083,0,0,0.00390625,0,0.338541667,0,0.01953125,0.046875,0.0078125,0.00390625,0.12890625,0.015625,33.8125,2.25,33.8125,2.125,1,0.59375,0,41.16666667,0,9.53,1.19125,BAR
2018,Summer,REF_091,36.61963318,-121.8985177,14,16.1,1.1875,0.6328125,0.08984375,0,0.27734375,0,0,0,0,0.02734375,0.00390625,0.03125,0.0234375,0.00390625,0,0.1875,0,0.0078125,0.00390625,0,0.65234375,0,0.0234375,0,0,0.0078125,0.01953125,0.0078125,8.9375,2.3125,6.75,1.0625,0.64243052,0.1640625,0.216450723,37.16666667,17,7.3,0.9125,BAR
2018,Summer,REF_092,36.61956332,-121.8978192,13,16.5,1.125,0.76171875,0.11328125,0.01171875,0.11328125,0.0078125,0,0,0,0,0.11328125,0.0234375,0.02734375,0.00390625,0,0.421875,0,0,0.00390625,0,0.31640625,0,0.03515625,0.01171875,0.0078125,0.0078125,0.015625,0.00390625,7.3125,2.4375,6,2,0.844724026,0.722916667,0.050929582,32.59375,4,20.35,1.705555556,BAR
2018,Summer,REF_094,36.62284525,-121.9085523,10,9.5,1.1875,1,0,0,0,0.00390625,0.0390625,0,0,0,0.01171875,0.0078125,0,0,0,0.828125,0,0,0,0,0.046875,0,0.00390625,0.0546875,0,0,0.00390625,0,41.3125,2.9375,40.9375,2.8125,0.989179816,0.713541667,0,36.93333333,0,12.4,1.55,BAR
2018,Summer,REF_095,36.62497897,-121.9120431,12,10.2,1.3125,1,0,0,0,0.09375,0,0,0,0,0,0.015625,0,0,0,0.791666667,0,0,0,0,0.0546875,0,0,0.028645833,0.01171875,0,0.00390625,0,21.8125,2.25,21,1.875,0.956993332,0.78125,0,36.16666667,0,11.8,1.475,BAR
2018,Summer,REF_097,36.61237578,-121.8947703,12,9.7,1.25,0.733333333,0.016666667,0,0.25,0.016666667,0,0,0,0.125,0.004166667,0,0,0,0,0.041666667,0,0.379166667,0,0,0.4125,0,0.004166667,0,0,0.004166667,0,0.0125,4,0.625,0.75,0.0625,0.157891414,0,0.572957795,40.72727273,45,12.95,1.61875,FOR
2018,Summer,REF_099,36.63878914,-121.9246315,12,10.9,1.5625,1,0,0,0,0.078125,0,0,0,0,0,0.00390625,0,0,0,0.64453125,0,0,0,0,0.2109375,0,0.0078125,0.01953125,0.0234375,0,0,0.01171875,18.3125,4.875,17.25,4.75,0.927010242,0.885416667,0,34.3125,0,6.12,1.588571429,BAR
2018,Summer,REF_100,36.63848993,-121.9218112,10,21,1.1875,0.8046875,0.01171875,0.01953125,0.1640625,0.0234375,0,0.00390625,0,0,0.00390625,0.015625,0,0,0,0.2578125,0,0,0,0,0.61328125,0,0.00390625,0,0.0078125,0.02734375,0.01171875,0.03125,0.1875,1.5625,0.0625,0.875,0.0625,0.21577381,0,,0,0,0.698571429,BAR
2018,Summer,REF_101B,36.622982,-121.903591,12,8.2,1.125,1,0,0,0,0.09765625,0.035416667,0.015625,0,0,0.01171875,0,0,0,0,0.583072917,0,0.00390625,0,0,0.157552083,0,0.00390625,0.071614583,0.00390625,0,0.01171875,0.00390625,33.625,1.25,32.4375,1.0625,0.959657263,0.5,0,36.4375,0,,,BAR
2018,Summer,REF_101F,36.62231,-121.90247,12,9.1,1.75,1,0,0,0,0.08203125,0.04296875,0.0703125,0,0.07421875,0.03125,0,0.00390625,0,0,0.046875,0,0.015625,0,0,0.43359375,0,0.00390625,0.01953125,0,0.078125,0.0234375,0.07421875,11.1875,0.1875,6,0,0.297691175,0,9.651155749,40.25,758,,,FOR
2018,Summer,REF_101M,36.62264,-121.903046,12,8.2,1.3125,1,0,0,0,0.015625,0.0390625,0.0078125,0,0.09375,0.01171875,0,0,0,0,0.09375,0,0.515625,0.0078125,0,0.1484375,0,0,0.0234375,0,0.03515625,0,0.0078125,14.875,0.25,8.5,0.1875,0.338017827,0.125,1.00585924,43.75,79,,,FOR
2018,Summer,REF_102,36.625771,-121.914019,12,10.2,1,0.4921875,0.3984375,0.04296875,0.06640625,0,0,0,0,0,0.02734375,0,0,0,0,0.75,0,0,0.00390625,0,0.13671875,0,0.00390625,0.046875,0,0.00390625,0.01953125,0.0078125,26.9375,1.625,24.125,1.4375,0.881456713,0.630208333,0,37.0625,0,,,BAR
2018,Summer,REF_103,36.62521363,-121.9143856,14,8,1.625,1,0,0,0,0,0.109375,0.00390625,0,0.015625,0.0234375,0,0,0,0,0.1015625,0,0.6328125,0,0,0.05078125,0,0.0078125,0.05078125,0,0,0.00390625,0,27.8125,0.0625,18.125,0,0.225949477,0,0,45.71428571,0,,,FOR
2018,Summer,REF_104,36.625334,-121.913924,14,8,1.125,0.59765625,0.37890625,0,0.0234375,0,0.05859375,0.03125,0,0,0.00390625,0.0078125,0,0,0,0.5859375,0,0,0,0,0.2109375,0,0.015625,0.06640625,0.015625,0.00390625,0,0,40.875,3.375,38.375,2.8125,0.941474561,0.809027778,0,34.58064516,0,,,BAR
2018,Summer,REF_105,36.62809961,-121.9171553,14,7.5,1.0625,0.7890625,0.0390625,0,0.171875,0,0,0,0,0.1640625,0.0078125,0,0,0.046875,0,0.0546875,0,0.296875,0.00390625,0,0.41015625,0,0,0,0,0,0,0.015625,4.875,0,0.4375,0,0.014573317,0,3.297690421,37.08333333,259,,,FOR
2018,Summer,REF_106,36.62785528,-121.9175439,14,5.6,1.3125,0.99609375,0,0,0.00390625,0,0.04296875,0.00390625,0,0.03515625,0.01953125,0,0,0.00390625,0,0.015625,0,0.70703125,0.00390625,0,0.09375,0,0,0.015625,0,0.0234375,0.015625,0.01953125,16.6875,0,1.6875,0,0.06073256,0,2.342760762,40,184,,,FOR
2018,Summer,REF_107,36.61987855,-121.9009988,15,6.8,1.0625,0.683333333,0,0,0.316666667,0,0.0375,0,0,0.0375,0.025,0.004166667,0,0,0,0.008333333,0,0.541666667,0.020833333,0,0.279166667,0,0,0,0,0.004166667,0.004166667,0.0375,6.0625,0.3125,0.875,0,0.101993666,0,3.043042512,35.84210526,239,,,FOR
2018,Summer,REF_108,36.622866,-121.910133,15,6.4,1.3125,0.96484375,0.03515625,0,0,0,0.081801471,0,0,0.0390625,0,0,0,0,0,0.338924632,0,0.446920956,0.00390625,0,0.01953125,0,0.011488971,0.031020221,0,0,0.0234375,0.00390625,24.9375,0.25,11.75,0,0.337807367,0,0,40.70833333,0,,,FOR
2018,Summer,REF_109,36.623445,-121.909453,13,9.2,1.5,0.92578125,0.0703125,0,0.00390625,0,0.01171875,0,0,0,0.02734375,0,0,0,0,0.83203125,0,0,0,0,0.0703125,0,0.00390625,0.04296875,0.00390625,0.0078125,0,0,30.125,2.5,29.875,2.125,0.993415453,0.739583333,0,34.5625,0,,,BAR
2018,Summer,REF_110,36.623966,-121.908957,13,11.8,1.5,0.82421875,0.15234375,0,0.0234375,0.0625,0.00390625,0,0,0,0,0,0,0,0,0.74609375,0,0,0,0,0.12890625,0,0.0078125,0.03125,0.0078125,0.00390625,0.00390625,0.00390625,20.3125,2.25,18,1.75,0.882349857,0.588541667,0,36.75,0,,,BAR
2018,Summer,REF_111,36.616587,-121.898046,13,7.7,1.0625,0.73828125,0.08203125,0,0.1796875,0,0,0,0,0.1171875,0,0,0.00390625,0,0,0.04296875,0,0.40625,0.015625,0,0.390625,0,0,0,0,0.00390625,0,0.01953125,1.25,0.25,0,0,0,0,6.200676583,,487,,,FOR
2018,Summer,REF_112,36.616702,-121.897583,12,8.1,1.375,0.97265625,0,0,0.02734375,0.00390625,0,0,0,0.06640625,0.0234375,0,0,0.00390625,0,0.02734375,0,0.625,0.00390625,0.0078125,0.19921875,0,0.00390625,0,0,0.01953125,0,0.015625,3.125,0.125,0.5625,0,0.072679924,0,0.394704259,,31,,,FOR
2018,Summer,REF_113,36.616907,-121.896941,13,7.7,1.0625,0.6015625,0.015625,0,0.3828125,0,0.03125,0.00390625,0,0.34765625,0.07421875,0,0,0,0,0.0078125,0,0.15234375,0,0.0078125,0.234375,0,0.0078125,0.0078125,0,0.11328125,0.0078125,0.00390625,2.5625,0,0.4375,0,0.045138889,0,10.6188178,,834,,,FOR
2018,Summer,REF_A,36.621067,-121.901687,12,9.1,1.375,1,0,0,0,0.00390625,0.02734375,0,0,0.08984375,0.07421875,0.00390625,0,0.01171875,0,0.078125,0,0.11328125,0,0.0078125,0.34375,0,0.0078125,0.01953125,0,0.0859375,0.00390625,0.12890625,18.9375,0.5,13.625,0.1875,0.654756769,0.09375,5.067493388,37.45833333,398,,,FOR
2018,Summer,REF_X,36.640939,-121.929939,11,15,1.3125,0.96875,0.03125,0,0,0.08203125,0.03125,0.07421875,0,0.08203125,0.03515625,0,0.00390625,0,0,0.265625,0,0.0546875,0,0.0234375,0.2109375,0,0.0078125,0,0,0.04296875,0.02734375,0.05859375,2.6875,0.75,0.5625,0.125,0.166666667,0.041666667,0.343774677,41.83333333,27,,,FOR
2018,Summer,REF_Y,36.641172,-121.929795,11,18.4,1.125,0.589285714,0.205357143,0.008928571,0.196428571,0.004464286,0.049107143,0,0,0.147321429,0,0,0,0.008928571,0,0.28125,0,0.017857143,0,0,0.46875,0,0.008928571,0,0,0,0,0.013392857,0.8125,0,0.142857143,0,0.071428571,0,1.667943804,31.66666667,131,,,FOR
2018,Summer,REF_Z,36.641265,-121.930041,11,15.2,1.25,0.98046875,0.00390625,0,0.015625,0.01171875,0.00390625,0,0,0.05859375,0,0,0,0,0,0.3984375,0,0.08984375,0,0.0078125,0.30078125,0,0.01171875,0.00390625,0,0.01953125,0.0078125,0.0859375,2,0.3125,0.5625,0.0625,0.141666667,0,0,33.77777778,0,,,FOR
2018,Summer,RT_043,36.61156632,-121.8964981,14,3.8,0.8125,0.25,0,0,0.75,0,0,0,0,0.0859375,0,0,0,0,0,0,0,0.74609375,0,0,0.1484375,0,0.01171875,0,0,0,0.00390625,0.00390625,1,0,0.0625,0,0.0625,0,1.909859317,38.57142857,150,,,FOR
2018,Summer,RT_044,36.63485108,-121.9214652,11,6.7,1.6875,0.98046875,0.01953125,0,0,0.00390625,0.23046875,0.00390625,0.00390625,0.00390625,0,0,0,0,0,0.47265625,0,0.04296875,0,0,0.1015625,0,0.00390625,0.0625,0.0078125,0.0078125,0.015625,0.0390625,35.125,1.8125,22.375,0.8125,0.644727672,0.359375,0,41.40625,0,,,BAR
2018,Summer,RT_045,36.63296769,-121.9200659,13,4.1,1.1875,1,0,0,0,0,0.051041667,0,0,0.04296875,0.023697917,0,0,0,0,0.01953125,0,0.572395833,0.01171875,0.01171875,0.09765625,0,0,0,0,0.031510417,0,0.137760417,3.875,0.0625,0.1875,0,0.02827381,0,10.64428259,41.16666667,836,,,FOR
2018,Summer,RT_051,36.61208079,-121.8945152,11,9.7,1.3125,0.003676471,0,0,0.996323529,0,0,0,0,0.23828125,0,0,0,0,0,0,0,0.348345588,0.05859375,0,0.350873162,0,0.00390625,0,0,0,0,0,1.4375,0,0,0,0,0,2.304563576,41.66666667,181,,,FOR
2018,Summer,RT_052,36.61048093,-121.8953489,11,6.4,1.0625,0,0,0,1,0,0,0,0,0.2578125,0,0,0,0,0,0.00390625,0,0.26171875,0.03515625,0,0.4375,0,0,0,0,0,0,0.00390625,1.6875,0,0,0,0,0,2.979380535,37.16666667,234,,,FOR
2018,Summer,RT_057,36.63142951,-121.9201368,11,7.5,1.3125,0.3125,0,0,0.6875,0,0.09375,0,0,0.125,0,0,0,0,0,0.08984375,0,0.2703125,0.00390625,0,0.33125,0,0.00390625,0,0,0,0,0.08203125,1.1875,0.0625,0,0.0625,0,0,5.780507533,39.9,454,,,FOR
2018,Summer,RT_058,36.6330316,-121.9208939,11,7,1.1875,0.03515625,0,0,0.96484375,0,0,0.00390625,0,0.1015625,0,0,0,0.21484375,0,0.01953125,0,0.25,0.015625,0,0.34375,0,0.00390625,0,0,0.0078125,0,0.0390625,0.75,0,0.25,0,0,0,7.906817573,38,621,,,FOR
2018,Summer,RT_059,36.61179494,-121.896134,13,4.7,0.8125,0,0,0,1,0,0,0,0,0.08203125,0,0,0,0.0859375,0,0,0,0.2890625,0,0,0.5390625,0,0,0,0,0,0.00390625,0,0.5625,0,0,0,0,0,2.928450953,32.75,230,,,FOR
2018,Summer,RT_060,36.62096528,-121.9027017,12,11.4,0.8125,0.92578125,0,0,0.07421875,0.01953125,0.00390625,0,0,0.0859375,0.01171875,0.015625,0,0.0078125,0,0.06640625,0,0.43359375,0,0.0078125,0.29296875,0,0.01171875,0.0078125,0,0.0078125,0,0.02734375,1.75,0.4375,0.5,0.0625,0.109375,0,3.183098862,39.5,250,,,FOR
2018,Summer,RT_062,36.62707298,-121.917841,13,4.3,0.9375,0.03125,0,0,0.96875,0.00390625,0,0.00390625,0,0.15234375,0.00390625,0,0,0.0078125,0,0,0,0.3984375,0.0078125,0,0.26171875,0,0,0,0,0.0078125,0,0.15234375,3.3125,0,0.1875,0,0.0375,0,12.75786024,35.27272727,1002,,,FOR
2018,Summer,RT_064,36.63003909,-121.9205967,12,9.1,1.1875,0.57421875,0.2109375,0.03125,0.18359375,0,0.05078125,0.00390625,0,0.21484375,0,0.00390625,0,0.0078125,0,0.0625,0,0.12890625,0.015625,0,0.4921875,0,0.00390625,0,0,0.00390625,0.0078125,0.00390625,1.3125,0,0.0625,0,0.008928571,0,9.460169817,35.125,743,,,FOR
2018,Summer,RT_065,36.63011197,-121.9209719,13,6,1.375,0.74609375,0.14453125,0.01171875,0.09765625,0.00390625,0.265625,0,0,0.05078125,0.0234375,0,0,0.01171875,0,0.08203125,0,0.23828125,0.00390625,0,0.2890625,0,0.00390625,0,0,0.00390625,0.01171875,0.01171875,2.9375,0.125,0,0,0,0,9.205521908,44.57142857,723,,,FOR
2018,Summer,RT_067,36.61926347,-121.8997912,13,8.7,1.125,0.984375,0.015625,0,0,0,0.02734375,0.00390625,0,0.10546875,0.06640625,0,0,0.015625,0,0.03515625,0,0.31640625,0.0234375,0,0.23828125,0,0,0.00390625,0,0.05859375,0.015625,0.08984375,7.5,0.125,0.5625,0,0.040902778,0,3.463211562,38.1,272,,,FOR
2018,Summer,RT_068,36.61937135,-121.899728,13,7.9,1.25,0.9765625,0.0234375,0,0,0,0.0234375,0,0,0.10546875,0.04296875,0.005208333,0,0.032552083,0,0.03125,0,0.330729167,0,0.00390625,0.243489583,0,0,0.00390625,0,0.078125,0.0078125,0.091145833,9.5,0.125,1.0625,0,0.043275497,0,9.39650784,42.26666667,738,,,FOR
2018,Summer,RT_069,36.61098038,-121.8952156,15,5.3,1.375,0.48828125,0.1640625,0.0078125,0.33984375,0,0,0.015625,0.00390625,0.1484375,0.00390625,0,0,0,0,0,0,0.53515625,0.015625,0.015625,0.1484375,0.05078125,0.01171875,0,0,0.01171875,0.03515625,0.00390625,1.9375,0.0625,0,0,0,0,4.239887684,41.77777778,333,,,FOR
2018,Summer,RT_070,36.63170809,-121.9195543,13,11.1,0.875,0.3515625,0.25,0.00390625,0.39453125,0,0.08984375,0,0,0.2421875,0.00390625,0,0,0.01953125,0,0.1328125,0,0.02734375,0,0.0078125,0.3828125,0,0.01171875,0.00390625,0,0.046875,0,0.03125,5.75,0.3125,0.75,0.0625,0.058712121,0.0625,2.979380535,42.8,234,,,FOR
2018,Summer,RT_071,36.63165572,-121.9200234,12,9,1.0625,0.625,0.2734375,0.05078125,0.05078125,0,0.21484375,0,0,0.265625,0,0,0,0.01171875,0,0.2734375,0,0.1015625,0,0,0.1015625,0,0,0,0,0.015625,0,0.015625,9.3125,0.625,2.5,0,0.157033158,0,1.031324031,43.4,81,,,FOR
2018,Summer,RT_072,36.63283099,-121.9210598,13,4.3,1.1875,0.859375,0.0625,0.015625,0.0625,0,0.00390625,0,0,0.078125,0,0,0,0,0,0.0234375,0,0.87890625,0,0,0.01171875,0,0,0,0,0.00390625,0,0,5,0.0625,0.375,0,0,0,0,40.28571429,0,,,FOR
2018,Summer,RT_073,36.63317118,-121.922735,14,3.1,1.1875,0.84375,0.15625,0,0,0,0.0859375,0,0,0.07421875,0,0,0,0,0,0.015625,0,0.296875,0.511458333,0,0,0,0,0,0,0.0078125,0,0.008072917,6.375,0,0.25,0,0,0,0,38.46153846,0,,,FOR
2018,Summer,RT_074,36.6304785,-121.9205103,14,6,1.125,0.61328125,0.33984375,0.01953125,0.02734375,0.00390625,0.18359375,0,0,0.17578125,0,0,0,0.0546875,0,0.2109375,0,0.12109375,0,0,0.21484375,0,0.00390625,0,0,0.00390625,0.00390625,0.0234375,0.6875,0,0,0,0,0,5.996958256,45.8,471,,,FOR
2018,Summer,RT_075,36.620915,-121.899894,14,8.3,1.5625,0.98046875,0.0078125,0,0.01171875,0.0546875,0.03515625,0.03125,0,0.08984375,0.03125,0.00390625,0,0.015625,0,0.046875,0,0.33984375,0,0.0078125,0.1484375,0,0.00390625,0.00390625,0,0.02734375,0.0078125,0.15234375,11.5,0.8125,2.125,0.125,0.216124296,0.020833333,2.291831181,45.14285714,180,,,FOR
2018,Summer,RT_077,36.61224634,-121.8958268,13,6.2,1,0.1953125,0.21875,0.01953125,0.56640625,0.00390625,0,0,0,0.14453125,0.0234375,0,0,0.04296875,0,0.05859375,0,0.15234375,0,0,0.47265625,0,0.01953125,0,0,0.0078125,0,0.07421875,1.25,0.0625,0,0,0,0,5.589521601,36.6,439,,,FOR
2018,Summer,RT_078,36.62846099,-121.9183939,13,7.5,1.125,0.390625,0.01171875,0,0.59765625,0.00390625,0.00390625,0,0,0.2109375,0,0,0,0.05859375,0,0.0234375,0,0.4375,0.0625,0,0.14453125,0,0.00390625,0.00390625,0,0.0078125,0,0.0390625,5.5625,0.1875,2.75,0.0625,0.095164027,0,4.023436961,30.36363636,316,,,FOR
2018,Summer,RT_079,36.62800387,-121.9187537,12,5.5,1.0625,0.125,0.0078125,0,0.8671875,0.00390625,0,0,0,0.00390625,0.00390625,0,0,0.0078125,0,0.0234375,0,0.8203125,0.00390625,0,0.109375,0,0.00390625,0,0,0.00390625,0,0.015625,1.3125,0,0.125,0,0.008928571,0,1.922591713,33.6,151,,,FOR
2018,Summer,RT_080,36.62811302,-121.9192721,12,6.1,1,0.0078125,0.00390625,0,0.98828125,0,0,0,0,0,0,0,0,0.0078125,0,0.0078125,0,0.89453125,0.00390625,0,0.078125,0,0.00390625,0,0,0,0,0.00390625,0.375,0,0,0,0,0,0.369239468,35.5,29,,,FOR
2019,Summer,REF_003,36.62975003,-121.9202437,13,7,1.125,0.671875,0.23828125,0.01171875,0.078125,0,0.171875,0,0,0.1875,0,0,0,0.03125,0,0.28125,0,0.24609375,0,0,0.06640625,0,0.0078125,0,0,0,0.00390625,0.00390625,3.625,0,0.125,0,0.016741071,0,4.456338407,,350,9.4,1.175,FOR
2019,Summer,REF_004,36.61520615,-121.8969257,11,6.4,0.3125,0.0078125,0.09375,0,0.8984375,0,0,0,0,0.09375,0,0,0.01171875,0.0546875,0,0.00390625,0,0.2421875,0.0078125,0,0.5625,0.00390625,0,0,0,0,0.0078125,0.01171875,3.9375,0,0.1875,0,0.01171875,0,4.621859547,,363,6.9,0.8625,FOR
2019,Summer,REF_005,36.61739028,-121.8969417,10,11.1,1.375,0.671875,0.2265625,0,0.1015625,0.0234375,0,0.0234375,0,0,0,0,0,0,0,0.57421875,0,0,0,0,0.3203125,0,0.0078125,0.03125,0.0078125,0,0.00390625,0.00390625,13.75,1.9375,13.4375,1.875,0.950520833,0.625,0,,0,16.3,2.0375,BAR
2019,Summer,REF_006,36.61250547,-121.8926163,10,18,0.625,0.796875,0,0,0.203125,0.08203125,0,0,0,0.515625,0.00390625,0.015625,0,0.0078125,0,0.140625,0,0.0390625,0,0,0.16015625,0,0.00390625,0.00390625,0.00390625,0,0.0234375,0,0.5,1.0625,0.0625,0.25,0.0625,0.0375,0,,0,5.45,0.68125,FOR
2019,Summer,REF_007,36.63140904,-121.9192608,10,11.8,1.125,0.41796875,0.4765625,0,0.10546875,0,0.00390625,0.00390625,0,0,0,0.0078125,0,0,0,0.78125,0,0,0,0,0.17578125,0,0.00390625,0.00390625,0.015625,0,0.00390625,0,8.3125,2.8125,7.4375,2.6875,0.901860119,0.846875,0,,0,14.7,1.077777778,BAR
2019,Summer,REF_008,36.63847655,-121.9250395,13,11,1.125,0.7265625,0.217447917,0,0.055989583,0,0.00390625,0,0,0,0,0.01171875,0,0,0,0.803385417,0,0.0078125,0,0,0.110677083,0,0,0.02734375,0.02734375,0,0.0078125,0,25.6875,6.1875,24,5.8125,0.932040949,0.919196429,0,,0,13,1.625,BAR
2019,Summer,REF_009,36.6306734,-121.9206322,10,8.8,0.5625,0.55078125,0.2421875,0.02734375,0.1796875,0,0.0390625,0,0,0.17578125,0,0,0,0.01953125,0,0.109375,0,0.15625,0.0078125,0,0.484375,0,0.0078125,0,0,0,0,0,0.3125,0,0,0,0,0,9.612958563,,755,14.55,1.81875,FOR
2019,Summer,REF_010,36.618177,-121.897148,10,15.6,0.875,0.640625,0.08984375,0,0.26953125,0,0,0,0,0.1328125,0,0.0390625,0,0,0,0.26171875,0,0,0,0,0.52734375,0,0.00390625,0.00390625,0,0,0.03125,0,2.133333333,2.933333333,0.8,1.466666667,0.218452381,0.353125,0,,0,12.1,1.5125,BAR
2019,Summer,REF_012,36.6151355,-121.8963293,10,8.3,1.0625,0.51171875,0.2578125,0,0.23046875,0.05078125,0,0,0,0.09765625,0,0,0,0,0,0.15234375,0,0.046875,0,0,0.6171875,0,0,0.01953125,0,0,0.015625,0,28.3125,0.8125,16.9375,0.25,0.515032844,0.1875,4.965634224,,390,10.9,1.3625,BAR
2019,Summer,REF_014,36.6164022,-121.8966837,11,9.1,1,0.984375,0.00390625,0,0.01171875,0,0,0,0,0.48828125,0,0,0.00390625,0,0,0.26953125,0,0.0625,0,0,0.140625,0.0234375,0,0,0,0,0,0.01171875,9.5625,1.1875,2,0.3125,0.112553123,0.108333333,3.41228198,,268,8.64,1.08,FOR
2019,Summer,REF_015,36.61268347,-121.8956457,11,6.3,0.75,0.984375,0,0,0.015625,0,0,0,0,0.20703125,0,0,0,0.0234375,0,0.00390625,0,0.6875,0.00390625,0,0.07421875,0,0,0,0,0,0,0,3.75,0.0625,0.0625,0,0.0125,0,4.927437038,,387,12.93,1.61625,FOR
2019,Summer,REF_016,36.61624221,-121.8958211,10,11.5,0.75,0.46484375,0.1640625,0,0.37109375,0.0078125,0,0.04296875,0,0.3515625,0.03515625,0,0,0.01953125,0,0.10546875,0,0.12890625,0,0,0.2421875,0.04296875,0.00390625,0,0.00390625,0,0.0078125,0.0078125,7.1875,1.5,2.75,0.4375,0.205430857,0.145833333,0.802140913,,63,7.42,0.9275,FOR
2019,Summer,REF_017,36.62275689,-121.8999096,11,22.6,1.0625,0.88671875,0,0,0.11328125,0.203125,0,0,0,0,0,0.01953125,0,0,0,0.11328125,0,0.078125,0,0.0078125,0.5625,0,0.00390625,0,0,0,0,0.01171875,0,0.375,0,0.25,0,0.125,0,,0,19.8,1.644444444,FOR
2019,Summer,REF_019,36.62969679,-121.9168648,10,12.4,1.5625,0.9375,0,0,0.0625,0.109375,0.02734375,0,0,0.00390625,0.0625,0.01953125,0,0.015625,0,0.5,0,0.0078125,0,0,0.19140625,0,0.00390625,0.02734375,0.00390625,0.0078125,0.01171875,0.0078125,16.3125,1.75,15.0625,1.5625,0.850952381,0.591666667,0,,0,5.7,0.7125,BAR
2019,Summer,REF_020,36.63355772,-121.9200553,11,7.3,1.5625,0.895833333,0.1,0,0.004166667,0.145833333,0.020833333,0.008333333,0.004166667,0,0,0.008333333,0,0,0,0.491666667,0,0.1125,0,0,0.108333333,0,0.0125,0.070833333,0.016666667,0,0,0,37.93333333,4.466666667,35.2,4,0.891924896,0.776666667,0,,0,6.7,0.8375,BAR
2019,Summer,REF_021,36.62438149,-121.909425,11,12.3,1,0.82421875,0.13671875,0,0.0390625,0.0078125,0,0,0,0,0,0,0,0,0,0.78125,0,0,0,0,0.1640625,0,0.0234375,0.0234375,0,0,0,0,18,1.5625,17.5625,1.5,0.975198413,0.604166667,0,,0,,,BAR
2019,Summer,REF_022,36.63398167,-121.921197,11,6.8,1,0.53125,0.30078125,0.03125,0.13671875,0.0078125,0,0,0,0,0,0,0,0,0,0.62890625,0,0,0,0,0.2421875,0,0.01171875,0.0546875,0.0078125,0,0.046875,0,51.9375,3.875,50.375,3.5625,0.968586417,0.890625,0,,0,10.46,1.3075,BAR
2019,Summer,REF_024,36.61739373,-121.8988406,13,4.9,1.1875,0.9375,0,0,0.0625,0.00390625,0,0,0,0,0,0,0,0,0,0.00390625,0,0.9765625,0,0,0.01171875,0,0.00390625,0,0,0,0,0,5.625,0,0.375,0,0.008832046,0,0,,0,10.2,1.275,FOR
2019,Summer,REF_025,36.62461136,-121.9105014,10,11.2,0.9375,0.9453125,0.0390625,0,0.015625,0.0234375,0,0,0,0,0,0,0,0,0,0.859375,0,0,0,0,0.0625,0,0.015625,0.015625,0.01171875,0.00390625,0.0078125,0,14.8125,3.1875,14.8125,3.125,1,0.921875,0,,0,11,1.375,BAR
2019,Summer,REF_026,36.61595796,-121.8968123,12,9,0.6875,0.25,0.0234375,0,0.7265625,0,0.00390625,0,0,0.296875,0,0,0,0.08984375,0,0.00390625,0,0.375,0.01171875,0,0.203125,0,0.00390625,0,0,0,0,0.01171875,2.75,0,0.0625,0,0.003676471,0,4.061634148,,319,,,FOR
2019,Summer,REF_027,36.63577584,-121.9210275,10,15.2,1,0.58203125,0.078125,0,0.33984375,0.07421875,0.00390625,0.00390625,0,0,0,0.00390625,0,0,0,0.5,0,0.00390625,0,0,0.375,0,0,0.01171875,0.01171875,0.01171875,0,0,11.1875,2.3125,10.75,2.25,0.959280303,0.71875,0,,0,7.2,0.9,BAR
2019,Summer,REF_028,36.63272734,-121.9193086,10,10.2,1.125,0.7265625,0.23046875,0,0.04296875,0.0078125,0.00390625,0.02734375,0,0,0,0,0,0,0,0.65625,0,0,0,0,0.26171875,0,0.00390625,0.01953125,0.015625,0,0.00390625,0,22.5625,4.375,21.8125,4,0.945275867,0.923958333,0,,0,14,1.75,BAR
2019,Summer,REF_029,36.63194767,-121.9185079,11,14.1,1,0.2734375,0.20703125,0,0.51953125,0.015625,0,0,0,0.0703125,0.00390625,0,0,0,0,0.25390625,0,0.0078125,0.00390625,0,0.62890625,0,0,0.0078125,0,0.00390625,0,0.00390625,7,0.75,5.5,0.4375,0.511300505,0.1875,0,,0,8.6,1.075,BAR
2019,Summer,REF_031,36.61875593,-121.8989545,10,10.1,1.1875,0.44921875,0.34375,0,0.20703125,0.00390625,0.00390625,0.01953125,0,0.3359375,0,0.0078125,0,0.0703125,0,0.20703125,0,0.0234375,0,0,0.29296875,0,0,0.015625,0,0,0.00390625,0.015625,16.25,0.25,3.3125,0.0625,0.138166722,0,5.716845556,,449,12.45,1.55,FOR
2019,Summer,REF_032,36.62831553,-121.9148912,10,15,1.25,0.63671875,0.0859375,0,0.27734375,0.01171875,0,0,0,0,0,0.00390625,0,0,0,0.2109375,0,0,0,0,0.625,0,0.03125,0.01171875,0.0078125,0,0.09765625,0,13.375,1.8125,12.875,1.75,0.89296875,0.71875,0,,0,,,BAR
2019,Summer,REF_033,36.61815983,-121.8978271,10,11.6,0.375,0.23828125,0.08984375,0,0.671875,0.00390625,0,0,0,0.11328125,0,0.00390625,0,0.0078125,0,0.20703125,0,0.01171875,0.00390625,0,0.62890625,0.00390625,0.01171875,0,0,0,0,0.00390625,1.375,0,0.3125,0,0.097470238,0,1.158647986,,91,12.9,0.877777778,FOR
2019,Summer,REF_034,36.61432921,-121.8958626,11,7.3,0.5625,0.9375,0,0,0.0625,0,0,0,0,0.01953125,0.0078125,0,0.00390625,0.05859375,0,0.0078125,0,0.84375,0,0,0.0546875,0,0.00390625,0,0,0,0,0,4.5625,0.0625,0.5,0,0.092045455,0,0.381971863,,30,19.1,1.566666667,FOR
2019,Summer,REF_035,36.63084128,-121.9190331,11,11.5,1.125,0.4140625,0.18359375,0,0.40234375,0,0.01171875,0,0,0.09375,0,0,0,0.00390625,0,0.337239583,0,0.01953125,0.0078125,0,0.513020833,0,0.005208333,0.0078125,0,0,0,0,13.9375,1.5625,8.25,1,0.456998163,0.225,0,,0,8.91,0.434444444,BAR
2019,Summer,REF_036,36.63023341,-121.9184411,12,10.5,1.375,0.82421875,0.01953125,0.00390625,0.15234375,0,0,0,0,0.203125,0.01953125,0.0078125,0,0.00390625,0,0.05859375,0,0.19140625,0,0,0.4140625,0.02734375,0.01171875,0,0,0,0.015625,0.046875,4.875,0,0.5625,0,0.141907051,0,3.959774984,,311,11.2,1.4,FOR
2019,Summer,REF_038,36.62843688,-121.913132,10,16,1.0625,0.765625,0.16015625,0,0.07421875,0.02734375,0,0,0,0,0,0.01953125,0,0,0,0.5859375,0,0,0.00390625,0,0.23828125,0.00390625,0.01171875,0.02734375,0.03125,0,0.046875,0.00390625,9.5,3,9.25,2.9375,0.972619048,0.875,0,,0,10.55,1.31875,BAR
2019,Summer,REF_039,36.61544991,-121.8958264,10,10.4,0.5,0.36328125,0.00390625,0.00390625,0.62890625,0.0078125,0,0,0,0.33984375,0,0,0,0.01953125,0,0.05859375,0,0.09765625,0.00390625,0,0.4375,0.0078125,0.0234375,0,0,0,0,0.00390625,5.125,0,1.4375,0,0.090432725,0,0.993126845,,78,16.2,2.025,FOR
2019,Summer,REF_042,36.63537459,-121.9207611,11.6,10,1.1875,0.72265625,0.19921875,0,0.078125,0,0,0.0078125,0,0,0,0.00390625,0,0,0,0.75390625,0,0,0.00390625,0,0.15234375,0,0.015625,0.0234375,0.0078125,0.03125,0,0,7.3125,2.25,7.1875,2.125,0.988636364,0.709821429,0,,0,11.2,1.4,BAR
2019,Summer,REF_047,36.63280751,-121.9196618,11,9.8,1,0.484375,0.4140625,0.0703125,0.03125,0.015625,0.00390625,0,0,0,0,0,0,0,0,0.5390625,0,0,0,0,0.3671875,0,0.00390625,0.05078125,0.01171875,0,0.0078125,0,31.5625,4.125,31.1875,4,0.987417328,0.890625,0,,0,10,1.25,BAR
2019,Summer,REF_050,36.63730255,-121.923042,9,14,1.125,0.765625,0.1328125,0.00390625,0.09765625,0.078125,0.00390625,0,0,0,0,0.00390625,0,0,0,0.5859375,0,0.0234375,0,0.0078125,0.2421875,0,0.0078125,0.015625,0.0078125,0.01171875,0.0078125,0.00390625,8.375,4,6.9375,3.8125,0.808522727,0.961458333,0,,0,16.49,2.06125,BAR
2019,Summer,REF_051,36.61840375,-121.8985281,10,10.3,0.1875,0.21484375,0.015625,0,0.76953125,0.00390625,0,0,0,0.46875,0,0,0,0.00390625,0,0.06640625,0,0,0.01171875,0,0.4375,0.00390625,0,0,0,0,0,0.00390625,2.375,0,0.6875,0,0.077369506,0,2.024450876,,159,14.65,1.83125,FOR
2019,Summer,REF_053,36.63493169,-121.9222347,12,4.5,1.125,0.8984375,0.09375,0,0.0078125,0,0.015625,0.0234375,0,0,0,0,0,0,0,0.609375,0,0,0,0,0.17578125,0,0.0078125,0.1171875,0.01171875,0,0.0390625,0,89.9375,1.625,89.625,1.5625,0.995117188,0.479166667,0,,0,,,BAR
2019,Summer,REF_054,36.63658866,-121.9221999,10,14,1.4375,0.56640625,0.3515625,0,0.08203125,0.0859375,0.00390625,0,0,0,0,0.015625,0,0,0.0078125,0.51953125,0,0.01953125,0,0,0.140625,0,0,0.0078125,0.01953125,0.17578125,0,0.00390625,7.6875,3.4375,7.0625,3.0625,0.878835227,0.703869048,0,,0,12,1.5,BAR
2019,Summer,REF_056,36.61626281,-121.8971783,11,7.5,0.375,0,0.0234375,0,0.9765625,0,0,0,0,0.37109375,0.0078125,0,0,0.046875,0,0.00390625,0,0.30859375,0.00390625,0,0.2109375,0.0078125,0,0,0,0,0,0.0390625,2.6875,0.0625,0.3125,0,0.03671875,0,3.463211562,,272,18.4,2.3,FOR
2019,Summer,REF_058,36.64058321,-121.9251629,9,17.2,0.625,0.42578125,0.015625,0,0.55859375,0.01171875,0,0,0,0.109375,0,0,0,0.0078125,0,0.05859375,0,0.203125,0,0,0.52734375,0.0390625,0.00390625,0,0,0.02734375,0.00390625,0.0078125,0.8125,0.0625,0.0625,0,0.00625,0,2.495549508,,196,10.5,1.3125,FOR
2019,Summer,REF_060,36.61924469,-121.8997294,10,9,0.875,0.78515625,0,0,0.21484375,0,0.00390625,0,0,0.24609375,0,0,0,0.02734375,0,0.0703125,0,0.19921875,0.01171875,0,0.41796875,0,0.00390625,0.00390625,0,0.0078125,0.00390625,0.00390625,14.75,0,5,0,0.2056023,0,5.373070879,,422,13.8,1.725,FOR
2019,Summer,REF_061,36.62672357,-121.912685,12,11.5,0.6875,0.85546875,0.046875,0,0.09765625,0,0,0,0,0,0,0.015625,0,0,0,0.46484375,0,0.00390625,0,0,0.46484375,0,0.01171875,0.0078125,0.0234375,0,0.0078125,0,9.8125,2.4375,9.4375,2.375,0.952901786,0.875,0,,0,7.13,0.89125,BAR
2019,Summer,REF_063,36.61495425,-121.8960405,10,9.4,0.125,0.033333333,0,0,0.966666667,0,0,0,0,0.620833333,0.004166667,0,0,0,0,0,0,0.0875,0,0,0.2875,0,0,0,0,0,0,0,2.0625,0,0,0,0,0,0.585690191,,46,4.55,0.56875,FOR
2019,Summer,REF_065,36.62775835,-121.9140941,10,10,1.25,0.841145833,0.095052083,0,0.063802083,0.0078125,0.00390625,0.020833333,0,0,0,0,0,0,0,0.705729167,0,0,0,0,0.19921875,0,0.00390625,0.03125,0.015625,0.00390625,0.00390625,0.00390625,19.1875,3.625,19.1875,3.5,1,0.845238095,0,,0,15.05,1.88125,BAR
2019,Summer,REF_066,36.62312738,-121.9044474,12,10.1,1.1875,0.953125,0.0078125,0,0.0390625,0.015625,0.00390625,0.00390625,0.00390625,0,0,0.0078125,0,0,0,0.5078125,0,0.00390625,0,0,0.21875,0,0.01953125,0.046875,0.01953125,0.0078125,0.1171875,0.0234375,31.9375,5.625,31.5625,5.375,0.985885881,0.930555556,0,,0,19.7,2.4625,BAR
2019,Summer,REF_067,36.63341747,-121.9193396,11,8.7,1.1875,0.83203125,0.14453125,0.00390625,0.01953125,0.01171875,0,0,0,0,0,0,0,0,0,0.32421875,0,0,0,0,0.56640625,0,0.015625,0.06640625,0.015625,0,0,0,40.25,5.125,40.125,5,0.996323529,0.9140625,0,,0,14.3,1.7875,BAR
2019,Summer,REF_068,36.63643033,-121.9239585,12,7.4,1.375,0.93359375,0.0546875,0,0.01171875,0.03125,0.05078125,0.0078125,0,0,0,0,0,0,0,0.49609375,0,0,0.00390625,0.00390625,0.3359375,0,0.015625,0.03515625,0.0078125,0,0.01171875,0,54.3125,1.9375,53.3125,1.875,0.984247539,0.671875,0,,0,13.63,1.70375,BAR
2019,Summer,REF_069,36.61239851,-121.8934149,10,14.2,0.6875,0.5859375,0.08984375,0,0.32421875,0.0625,0,0.015625,0,0.3203125,0,0.015625,0,0.00390625,0,0.16015625,0,0.04296875,0.00390625,0,0.34765625,0,0.0078125,0.0078125,0,0,0.0078125,0.00390625,1.625,1.625,0.375,0.8125,0.125,0.23125,0,,0,7.7,0.3,FOR
2019,Summer,REF_070,36.62778492,-121.9121456,10,17.2,1.4375,0.7890625,0.1171875,0.015625,0.078125,0.015625,0.00390625,0,0,0,0,0,0,0,0,0.53125,0,0,0.00390625,0,0.40625,0,0.01171875,0,0.0078125,0,0.01953125,0,3.8125,4,3.4375,3.8125,0.84672619,0.9375,0,,0,17.2,2.15,BAR
2019,Summer,REF_071,36.6196656,-121.9001541,11,8,1.5,0.40625,0.21875,0,0.375,0,0.015625,0.00390625,0,0.0703125,0.0078125,0.0078125,0,0.0234375,0,0.0625,0,0.66015625,0,0,0.125,0.0078125,0,0,0,0,0,0.015625,8.5,0.3125,0.5,0,0.030848043,0,4.430873616,,348,9.33,1.16625,FOR
2019,Summer,REF_072,36.61443287,-121.8963633,11,5.4,0.9375,0.671875,0.046875,0,0.28125,0,0,0,0,0.02734375,0.01171875,0,0.00390625,0.0078125,0,0.046875,0,0.74609375,0,0,0.1484375,0,0,0,0,0,0.0078125,0,8.625,0,0.6875,0,0.04928003,0,0.025464791,,2,3.7,0.4625,FOR
2019,Summer,REF_073,36.63287702,-121.9181637,11,18,1.5,0.752757353,0.142922794,0,0.104319853,0.00390625,0,0,0,0,0,0.04296875,0,0,0,0.464384191,0,0,0,0.03125,0.395220588,0,0.01171875,0.00390625,0.007582721,0,0.0390625,0,0.875,3.4375,0.625,3.0625,0.302083333,0.859375,0,,0,14.29,1.78625,BAR
2019,Summer,REF_075,36.62532426,-121.911152,10,10.9,1.5625,0.9765625,0.01171875,0,0.01171875,0.1328125,0.00390625,0,0,0,0.00390625,0.16796875,0,0,0,0.55078125,0,0,0,0,0.04296875,0,0.0078125,0.015625,0.0078125,0,0.01953125,0.046875,21.8125,5.75,21.75,5.5625,0.927083333,0.947916667,0.038197186,,3,9.4,1.175,BAR
2019,Summer,REF_076,36.61346844,-121.8964246,12,5.7,0.75,0.984375,0,0,0.015625,0,0,0,0,0.1328125,0,0,0.00390625,0.04296875,0,0,0,0.78515625,0,0,0.0234375,0,0,0,0,0,0.01171875,0,4.5,0.125,0.1875,0,0.02827381,0,2.279098785,,179,17.5,2.1875,FOR
2019,Summer,REF_081,36.6289809,-121.9123635,10,19.3,1.0625,,,,,,,,,,,,,,,,,,,,,,,,,,,,1.75,2.5,,,,,0,,0,10.85,1.35625,BAR
2019,Summer,REF_082,36.63425793,-121.9192347,10,11.3,1.625,0.98828125,0.01171875,0,0,0.0984375,0,0.0078125,0,0,0.00390625,0,0,0.00390625,0,0.619270833,0,0,0,0,0.2265625,0,0.00390625,0.008333333,0.008072917,0.015625,0.004166667,0,16.5625,3.1875,16.5625,2.9375,1,0.78125,0,,0,19.8,2.475,BAR
2019,Summer,REF_083,36.639494,-121.9226708,10,18,1.3125,0.9296875,0.0078125,0,0.0625,0.0078125,0.00390625,0,0,0.11328125,0,0.03515625,0,0.03125,0,0.2265625,0,0.09765625,0,0.00390625,0.26953125,0.02734375,0.01171875,0,0,0.1640625,0,0.0078125,0.4375,0.625,0.0625,0.4375,0.0625,0.15625,0.101859164,,8,5.69,0.71125,FOR
2019,Summer,REF_084,36.61700049,-121.8982129,10,6.3,1.0625,0.32421875,0.02734375,0.0078125,0.640625,0.0078125,0,0,0,0.1328125,0,0,0,0.01171875,0,0.03515625,0,0.609375,0,0,0.19140625,0.0078125,0,0,0,0.00390625,0,0,2.875,0,0.125,0,0.025,0,5.322141297,,418,10.35,1.29375,FOR
2019,Summer,REF_085,36.63427012,-121.9185083,12,11,1.5625,0.9921875,0.0078125,0,0,0.34765625,0,0,0,0.0703125,0,0.01953125,0,0,0.00390625,0.23828125,0,0.04296875,0,0,0.0078125,0.01171875,0.00390625,0.0078125,0.02734375,0.21875,0,0,2,6.5625,1.4375,5.4375,0.40922619,0.641369048,1.273239545,,100,15,1.875,FOR
2019,Summer,REF_086,36.61740858,-121.895981,11,14.1,0.9375,,,,,,,,,,,,,,,,,,,,,,,,,,,,6.8125,1.625,,,,,0,,0,,,BAR
2019,Summer,REF_087,36.62687189,-121.9140413,11,16.5,0.9375,0.91796875,0.05078125,0,0.03125,0.0078125,0.016927083,0.01171875,0,0,0,0.00390625,0,0,0,0.540364583,0,0,0,0,0.33984375,0,0.0078125,0.055989583,0.0078125,0.00390625,0.00390625,0,46.75,2.25,46.6875,2.125,0.998214286,0.697916667,0,,0,,,BAR
2019,Summer,REF_090,36.6232795,-121.9059656,12,12.6,1.6875,0.79296875,0.09765625,0.03125,0.078125,0.04296875,0,0,0,0,0,0.00390625,0,0,0,0.62109375,0,0,0,0,0.20703125,0,0.01171875,0.01171875,0.0078125,0,0.09375,0,36.1875,3.625,35.375,3.3125,0.982556267,0.685416667,0,,0,9.53,1.19125,BAR
2019,Summer,REF_091,36.61963318,-121.8985177,9,13.9,0.8125,0.515625,0.05078125,0.00390625,0.4296875,0,0,0,0,0,0,0.01171875,0,0,0,0.14453125,0,0,0,0,0.7890625,0,0.0078125,0.01953125,0.0078125,0,0.01953125,0,5.6875,1.5,5.0625,1.4375,0.770890568,0.53125,0,,0,7.3,0.9125,BAR
2019,Summer,REF_092,36.61956332,-121.8978192,10,16,0.9375,0.65625,0.09375,0.0390625,0.2109375,0.00390625,0,0,0,0,0,0.03515625,0,0,0,0.45703125,0,0,0,0,0.484375,0,0.00390625,0,0.00390625,0,0.01171875,0,1.25,3,0.75,2.875,0.385416667,0.5625,0,,0,20.35,1.705555556,BAR
2019,Summer,REF_094,36.62284525,-121.9085523,10,9.3,1.0625,0.94140625,0.0546875,0,0.00390625,0.00390625,0,0,0,0,0,0,0,0,0,0.77734375,0,0,0,0,0.1875,0,0.00390625,0.01953125,0.0078125,0,0,0,31.5625,2.0625,31.25,1.9375,0.987700321,0.822916667,0,,0,12.4,1.55,BAR
2019,Summer,REF_095,36.62497897,-121.9120431,10,10.8,1,0.72265625,0.16015625,0.05859375,0.05859375,0.05859375,0,0,0,0,0,0,0.00390625,0,0,0.703125,0,0.00390625,0,0,0.2109375,0,0,0.0078125,0.0078125,0.00390625,0,0,25.875,2.0625,25.1875,2.0625,0.970357143,0.6875,0,,0,11.8,1.475,BAR
2019,Summer,REF_097,36.61237578,-121.8947703,10,10.1,0.875,0.671875,0.00390625,0,0.32421875,0,0,0.00390625,0,0.2578125,0.00390625,0,0,0.109375,0,0.00390625,0,0.2109375,0,0,0.375,0,0.01171875,0,0,0,0.01953125,0.00390625,6.875,0.375,1.125,0,0.125830853,0,5.933296278,,466,12.95,1.61875,FOR
2019,Summer,REF_099,36.63878914,-121.9246315,13,13.3,1.0625,0.53125,0.09765625,0,0.37109375,0.00390625,0.0078125,0,0,0.1640625,0,0.0234375,0,0,0,0.30078125,0,0.0078125,0,0,0.46875,0,0.01171875,0,0,0,0,0.01171875,2.5625,1.1875,1.625,0.5625,0.227083333,0.183035714,0.127323954,,10,6.12,1.588571429,FOR
2019,Summer,REF_100,36.63848993,-121.9218112,10,19.7,1.5,0.72265625,0.15625,0,0.12109375,0.22265625,0,0,0,0,0,0.0390625,0,0,0,0.28125,0,0.04296875,0,0,0.3515625,0,0.01953125,0,0,0.0390625,0.00390625,0,0.8125,1.4375,0.3125,1.375,0.171875,0.53125,0,,0,0,0.698571429,BAR
2019,Summer,REF_101F,36.62231,-121.90247,11,8.4,1.3125,0.84765625,0.00390625,0.10546875,0.04296875,0,0.0703125,0,0.00390625,0.03125,0.01953125,0.140625,0,0,0,0.16015625,0.00390625,0.0546875,0.03125,0,0.37109375,0,0.0078125,0.06640625,0.0078125,0.0078125,0.01171875,0.01171875,40.625,0.9375,31,0.75,0.716664151,0.125,5.920563883,,465,,,FOR
2019,Summer,REF_101M,36.62264,-121.903046,12,9.6,1.25,0.747135417,0.01171875,0.024479167,0.216666667,0.00390625,0.0390625,0,0,0.098697917,0.00390625,0.0078125,0,0.004166667,0,0.262239583,0,0.15625,0,0.0078125,0.326041667,0.01171875,0.004166667,0.01171875,0,0.00390625,0.0546875,0.00390625,14.125,1.125,7.9375,0.0625,0.320846051,0,0,,0,,,BAR
2019,Summer,REF_102,36.625771,-121.914019,10,10.2,1,0.359375,0.33203125,0,0.30859375,0.00390625,0.0625,0,0.00390625,0.00390625,0,0,0,0,0,0.213541667,0,0,0.0234375,0,0.62890625,0,0.015625,0.032552083,0.00390625,0,0,0.0078125,25.3125,1.5,23.75,1.4375,0.939292279,0.5,0,,0,,,BAR
2019,Summer,REF_X,36.640939,-121.929939,10,15.6,1.125,0.48046875,0.4765625,0.0078125,0.03515625,0.0390625,0.0234375,0,0,0.1796875,0.06640625,0.00390625,0,0.0078125,0,0.30859375,0,0.05859375,0,0.046875,0.09765625,0.0078125,0.00390625,0.00390625,0,0.12890625,0.01171875,0.01171875,5.625,0.4375,2.6875,0.1875,0.447028186,0.125,7.626704873,,599,,,FOR